,sim,DiscountedCost,DiscountedQALY,LY,group
1,1,299814.6157,1.029058454,1.986757141,Super_TDXd
2,1,95892.33389,0.415240541,0.906779199,Chemo-Chemo
3,1,137882.627,0.464547866,1.04177816,Chemo-TDxd
4,1,178626.6329,0.589000051,1.236235923,TDxD-Chemo
5,1,212514.0206,0.641853702,1.385472698,TDxD-SG
6,2,327588.8143,1.135663859,2.103526025,Super_TDXd
7,2,85996.41787,0.409307033,0.822675001,Chemo-Chemo
8,2,145116.84,0.509137518,1.047908295,Chemo-TDxd
9,2,167404.7342,0.573152137,1.174592058,TDxD-Chemo
10,2,197386.8132,0.636797549,1.314515133,TDxD-SG
11,3,378710.9002,1.284703483,2.414509883,Super_TDXd
12,3,107130.8056,0.517450218,1.016340685,Chemo-Chemo
13,3,172735.1178,0.622341885,1.256229865,Chemo-TDxd
14,3,203252.5824,0.675573001,1.346374205,TDxD-Chemo
15,3,229240.5419,0.740238287,1.493879091,TDxD-SG
16,4,292787.3263,1.017442691,2.085821277,Super_TDXd
17,4,99647.49582,0.402624099,0.918209645,Chemo-Chemo
18,4,139292.5199,0.459970002,1.084396152,Chemo-TDxd
19,4,177396.8684,0.582552487,1.331169429,TDxD-Chemo
20,4,203926.1599,0.621865954,1.444824306,TDxD-SG
21,5,249327.7285,1.351698932,2.082674485,Super_TDXd
22,5,90828.69083,0.49583173,0.851740171,Chemo-Chemo
23,5,120473.5884,0.591262254,1.01148372,Chemo-TDxd
24,5,129125.3158,0.638925218,1.113012629,TDxD-Chemo
25,5,148197.8137,0.696608122,1.215203901,TDxD-SG
26,6,372569.2588,1.339223753,2.159710335,Super_TDXd
27,6,99521.09871,0.611738294,1.044114299,Chemo-Chemo
28,6,154715.0939,0.67297681,1.178000024,Chemo-TDxd
29,6,211072.9616,0.749222316,1.30796239,TDxD-Chemo
30,6,258950.0425,0.854619503,1.530164948,TDxD-SG
31,7,374528.4731,1.143913548,2.359816052,Super_TDXd
32,7,91987.40622,0.403413027,0.871678737,Chemo-Chemo
33,7,167253.0315,0.547278433,1.216114369,Chemo-TDxd
34,7,207817.3076,0.63061801,1.36782947,TDxD-Chemo
35,7,232825.507,0.665804312,1.451359967,TDxD-SG
36,8,374320.9898,1.151584835,2.202720864,Super_TDXd
37,8,104890.7983,0.473565953,1.000134564,Chemo-Chemo
38,8,168766.0759,0.546189557,1.200954475,Chemo-TDxd
39,8,232164.4102,0.697404505,1.443911501,TDxD-Chemo
40,8,259328.0383,0.736832902,1.550530043,TDxD-SG
41,9,314779.6928,1.217723008,2.025232376,Super_TDXd
42,9,89158.33754,0.461365029,0.846220873,Chemo-Chemo
43,9,132783.7937,0.530193344,0.973202721,Chemo-TDxd
44,9,185502.1658,0.687223818,1.271484549,TDxD-Chemo
45,9,207516.572,0.751276987,1.396968753,TDxD-SG
46,10,331948.8953,1.057798867,2.222538927,Super_TDXd
47,10,103074.0732,0.430365242,1.001420628,Chemo-Chemo
48,10,219945.213,0.643505378,1.589968658,Chemo-TDxd
49,10,251026.3856,0.786550679,1.711350767,TDxD-Chemo
50,10,272187.0527,0.818012542,1.797824831,TDxD-SG
51,11,360259.909,1.347867687,2.294687176,Super_TDXd
52,11,103480.8153,0.526488859,0.958024538,Chemo-Chemo
53,11,151003.1057,0.598685032,1.098960755,Chemo-TDxd
54,11,191534.5982,0.700097662,1.276199076,TDxD-Chemo
55,11,237605.2567,0.80058605,1.473516376,TDxD-SG
56,12,279516.1868,1.06480798,1.84772705,Super_TDXd
57,12,100480.284,0.519915606,1.016303212,Chemo-Chemo
58,12,140139.6656,0.562138588,1.12683942,Chemo-TDxd
59,12,190005.7301,0.716607884,1.338515108,TDxD-Chemo
60,12,222727.8429,0.766424683,1.469515418,TDxD-SG
61,13,310499.1594,1.243955821,2.01290285,Super_TDXd
62,13,108694.3761,0.558723026,1.00493693,Chemo-Chemo
63,13,189049.6045,0.680267555,1.350127585,Chemo-TDxd
64,13,213316.5654,0.832451193,1.452883636,TDxD-Chemo
65,13,236878.5521,0.894992758,1.629119161,TDxD-SG
66,14,357905.949,1.202657839,2.2382856,Super_TDXd
67,14,96629.52727,0.45327313,0.90072379,Chemo-Chemo
68,14,151664.3429,0.545955086,1.106345564,Chemo-TDxd
69,14,208790.3835,0.688135785,1.379340794,TDxD-Chemo
70,14,234505.134,0.730756118,1.473919573,TDxD-SG
71,15,291938.8499,0.953875648,1.817920107,Super_TDXd
72,15,99551.31479,0.495503011,0.994031283,Chemo-Chemo
73,15,219226.9479,0.726642475,1.473075283,Chemo-TDxd
74,15,215114.9908,0.692575841,1.345552334,TDxD-Chemo
75,15,278522.2216,0.825848687,1.619967879,TDxD-SG
76,16,293444.9691,1.184674997,2.146256851,Super_TDXd
77,16,121072.3707,0.533773065,1.098011865,Chemo-Chemo
78,16,190262.5548,0.681762275,1.501833035,Chemo-TDxd
79,16,205804.2556,0.769792588,1.483061721,TDxD-Chemo
80,16,220829.3576,0.795233801,1.551432822,TDxD-SG
81,17,253368.3387,1.222823458,2.155587632,Super_TDXd
82,17,105055.5059,0.571076062,1.034056499,Chemo-Chemo
83,17,145513.7201,0.670025352,1.286963321,Chemo-TDxd
84,17,184784.467,0.869971666,1.610728785,TDxD-Chemo
85,17,196205.2355,0.889720925,1.661352297,TDxD-SG
86,18,286834.4004,1.09544066,2.07729494,Super_TDXd
87,18,103412.0372,0.450724021,0.928825884,Chemo-Chemo
88,18,164300.0587,0.561477172,1.254015067,Chemo-TDxd
89,18,170192.3547,0.593840231,1.22633767,TDxD-Chemo
90,18,192715.0938,0.648820706,1.385703294,TDxD-SG
91,19,354204.4915,1.316885406,2.252919369,Super_TDXd
92,19,101575.7581,0.495759865,0.984276893,Chemo-Chemo
93,19,192801.7066,0.658346776,1.393346831,Chemo-TDxd
94,19,201233.664,0.716698755,1.341640243,TDxD-Chemo
95,19,237333.9716,0.792554426,1.531060063,TDxD-SG
96,20,300843.8547,1.322853972,2.208976938,Super_TDXd
97,20,112593.0056,0.667272364,1.084362715,Chemo-Chemo
98,20,198236.0278,0.938031068,1.549927857,Chemo-TDxd
99,20,252710.2098,1.106729061,1.882364395,TDxD-Chemo
100,20,279287.1754,1.177822862,2.003228035,TDxD-SG
101,21,288462.2719,1.161421817,2.138482998,Super_TDXd
102,21,97270.93275,0.529682,1.007520055,Chemo-Chemo
103,21,199300.4889,0.780421927,1.548639982,Chemo-TDxd
104,21,181334.0913,0.727906115,1.442132174,TDxD-Chemo
105,21,207260.3298,0.762457688,1.514556992,TDxD-SG
106,22,328782.6259,1.25640739,2.136203273,Super_TDXd
107,22,119362.5093,0.594199088,1.112081954,Chemo-Chemo
108,22,181668.3332,0.702975941,1.344341237,Chemo-TDxd
109,22,208087.6971,0.759172191,1.401008065,TDxD-Chemo
110,22,242461.4998,0.867141317,1.631370248,TDxD-SG
111,23,283846.245,1.110568954,2.180502358,Super_TDXd
112,23,105986.2003,0.487575404,1.000886597,Chemo-Chemo
113,23,154842.2252,0.59313313,1.230270996,Chemo-TDxd
114,23,175896.7728,0.673675646,1.443991555,TDxD-Chemo
115,23,220023.3048,0.784701042,1.688447788,TDxD-SG
116,24,259245.3507,1.102118878,1.835981518,Super_TDXd
117,24,98372.37245,0.462298018,0.885904738,Chemo-Chemo
118,24,160632.5839,0.601347366,1.210895013,Chemo-TDxd
119,24,180286.1697,0.734164819,1.310926689,TDxD-Chemo
120,24,227129.6143,0.829022079,1.537084752,TDxD-SG
121,25,322148.6648,1.367013595,2.225235117,Super_TDXd
122,25,108250.1549,0.604161957,1.017872162,Chemo-Chemo
123,25,193891.7149,0.82970628,1.449006847,Chemo-TDxd
124,25,222464.4216,0.925311055,1.575904996,TDxD-Chemo
125,25,251426.7338,1.002090139,1.721781295,TDxD-SG
126,26,274716.9506,1.297755242,2.182934737,Super_TDXd
127,26,93316.86763,0.509995294,0.920093581,Chemo-Chemo
128,26,125595.8707,0.584348379,1.062471681,Chemo-TDxd
129,26,157418.6371,0.703723396,1.288360653,TDxD-Chemo
130,26,185470.8169,0.763067772,1.403191924,TDxD-SG
131,27,301097.5258,1.103496896,1.816811726,Super_TDXd
132,27,91206.45818,0.529767284,0.956126824,Chemo-Chemo
133,27,147682.4172,0.606446118,1.107147194,Chemo-TDxd
134,27,206743.0584,0.758766358,1.32346172,TDxD-Chemo
135,27,244717.2703,0.86232319,1.52826471,TDxD-SG
136,28,273285.9611,1.365875458,2.099156341,Super_TDXd
137,28,112366.2937,0.660616226,1.043227434,Chemo-Chemo
138,28,149309.0325,0.767543135,1.240396194,Chemo-TDxd
139,28,177926.2378,0.838017208,1.340303872,TDxD-Chemo
140,28,217359.5849,0.971616426,1.576699414,TDxD-SG
141,29,317319.291,1.278139172,2.115153108,Super_TDXd
142,29,90068.54543,0.485798398,0.883668023,Chemo-Chemo
143,29,151969.7688,0.592816165,1.113138386,Chemo-TDxd
144,29,194167.627,0.765705213,1.338213719,TDxD-Chemo
145,29,231764.5143,0.875279967,1.563314334,TDxD-SG
146,30,281391.1746,1.329659138,2.163896529,Super_TDXd
147,30,93623.11947,0.462761809,0.883846059,Chemo-Chemo
148,30,150754.9095,0.62917938,1.226800886,Chemo-TDxd
149,30,144827.4927,0.626055401,1.13980431,TDxD-Chemo
150,30,190851.144,0.742975957,1.38453966,TDxD-SG
151,31,384437.4642,1.442033285,2.382469689,Super_TDXd
152,31,103341.0539,0.582848452,1.061217031,Chemo-Chemo
153,31,195154.8226,0.755462201,1.40411358,Chemo-TDxd
154,31,219602.2542,0.815121497,1.438102462,TDxD-Chemo
155,31,253693.1256,0.924618977,1.654881101,TDxD-SG
156,32,308401.6556,1.354819104,2.153959775,Super_TDXd
157,32,115982.57,0.63489276,1.095370354,Chemo-Chemo
158,32,219229.8057,0.840202338,1.616701227,Chemo-TDxd
159,32,295562.7726,1.273787332,1.990678707,TDxD-Chemo
160,32,308773.7661,1.271650973,1.985278962,TDxD-SG
161,33,283927.8529,1.01785213,1.85573015,Super_TDXd
162,33,102827.0655,0.523913775,1.024172319,Chemo-Chemo
163,33,149108.6239,0.580629121,1.1560362,Chemo-TDxd
164,33,183065.209,0.646304567,1.278126724,TDxD-Chemo
165,33,205554.0421,0.689815399,1.378816829,TDxD-SG
166,34,289783.5018,1.021585655,1.842937646,Super_TDXd
167,34,101584.6199,0.446890677,0.869003704,Chemo-Chemo
168,34,154492.8653,0.549376337,1.07391138,Chemo-TDxd
169,34,188859.8221,0.646677451,1.221292624,TDxD-Chemo
170,34,221865.4551,0.722148727,1.375445991,TDxD-SG
171,35,283826.3378,1.154116389,1.908192833,Super_TDXd
172,35,106849.5374,0.589512339,1.007598422,Chemo-Chemo
173,35,193546.7471,0.796101136,1.410647356,Chemo-TDxd
174,35,208124.5368,0.844025078,1.455039125,TDxD-Chemo
175,35,227179.3671,0.88305793,1.530395533,TDxD-SG
176,36,317491.8757,1.309806608,2.207920269,Super_TDXd
177,36,98899.86624,0.541271879,0.914607347,Chemo-Chemo
178,36,178385.5407,0.736904666,1.34358315,Chemo-TDxd
179,36,207020.6664,0.827807669,1.484181841,TDxD-Chemo
180,36,245756.5886,0.911059728,1.665014832,TDxD-SG
181,37,302533.4552,1.282042859,1.990587475,Super_TDXd
182,37,103656.3049,0.619020467,1.035340995,Chemo-Chemo
183,37,185972.1107,0.807989429,1.415569945,Chemo-TDxd
184,37,265343.4309,1.113770503,1.752535623,TDxD-Chemo
185,37,284262.0684,1.161932181,1.849147214,TDxD-SG
186,38,233478.3618,1.097809717,1.850528378,Super_TDXd
187,38,112459.2219,0.571650231,1.024611979,Chemo-Chemo
188,38,146349.0789,0.667836688,1.225173273,Chemo-TDxd
189,38,168595.7909,0.762962698,1.352587128,TDxD-Chemo
190,38,198807.764,0.850604644,1.535601601,TDxD-SG
191,39,221648.8544,0.894469093,1.809186256,Super_TDXd
192,39,96663.08214,0.420199074,0.921085835,Chemo-Chemo
193,39,185044.7467,0.650060263,1.526393998,Chemo-TDxd
194,39,159098.1059,0.620924664,1.330870825,TDxD-Chemo
195,39,195949.6382,0.693825209,1.519107019,TDxD-SG
196,40,287774.2924,1.436716092,2.219580796,Super_TDXd
197,40,103293.2063,0.675214729,1.075433739,Chemo-Chemo
198,40,166729.5337,0.832924055,1.430932639,Chemo-TDxd
199,40,190101.9534,0.912470695,1.490104732,TDxD-Chemo
200,40,231189.5596,1.000263203,1.683660266,TDxD-SG
201,41,307787.8976,1.223839428,2.121806218,Super_TDXd
202,41,107961.6622,0.509797817,1.052946389,Chemo-Chemo
203,41,178508.9925,0.606356293,1.339934467,Chemo-TDxd
204,41,184811.747,0.693334936,1.361353263,TDxD-Chemo
205,41,225256.6792,0.779898668,1.618456917,TDxD-SG
206,42,263774.8554,0.958197526,1.798021178,Super_TDXd
207,42,107352.0234,0.510107777,1.031458453,Chemo-Chemo
208,42,183040.3479,0.665795945,1.365120665,Chemo-TDxd
209,42,190839.1133,0.672617323,1.301595355,TDxD-Chemo
210,42,217888.8265,0.750336662,1.465926851,TDxD-SG
211,43,319067.9752,1.255650821,2.227589703,Super_TDXd
212,43,90666.45587,0.490573985,0.914819851,Chemo-Chemo
213,43,164358.78,0.668213113,1.26972422,Chemo-TDxd
214,43,188716.6251,0.746210844,1.400099336,TDxD-Chemo
215,43,199298.8271,0.752398376,1.412297942,TDxD-SG
216,44,315106.6568,1.365147794,2.331911923,Super_TDXd
217,44,101461.4895,0.542567758,1.01044666,Chemo-Chemo
218,44,137399.0811,0.595343428,1.136121794,Chemo-TDxd
219,44,178439.4009,0.754615699,1.407508672,TDxD-Chemo
220,44,211031.0491,0.804620813,1.527777972,TDxD-SG
221,45,268560.1369,1.028744026,1.819522413,Super_TDXd
222,45,90228.86678,0.459832531,0.846122209,Chemo-Chemo
223,45,125761.5789,0.524780651,0.979320726,Chemo-TDxd
224,45,169360.1,0.628826303,1.179951445,TDxD-Chemo
225,45,203560.6849,0.711839261,1.337829736,TDxD-SG
226,46,297705.7492,1.387087529,2.249350073,Super_TDXd
227,46,90897.90257,0.570784626,1.001956955,Chemo-Chemo
228,46,156441.3602,0.726498652,1.322315122,Chemo-TDxd
229,46,177368.289,0.801056277,1.422523018,TDxD-Chemo
230,46,220296.0242,0.899771318,1.619539435,TDxD-SG
231,47,369898.2242,1.462809525,2.366192144,Super_TDXd
232,47,103031.4337,0.52772579,0.948283462,Chemo-Chemo
233,47,155020.4023,0.612198234,1.118519223,Chemo-TDxd
234,47,196277.7206,0.773150264,1.368022745,TDxD-Chemo
235,47,223155.4343,0.821574673,1.465600914,TDxD-SG
236,48,273641.55,1.332078233,2.256341945,Super_TDXd
237,48,95978.16548,0.530090641,0.915419762,Chemo-Chemo
238,48,140618.6464,0.682307388,1.189523479,Chemo-TDxd
239,48,168291.452,0.785716889,1.366117026,TDxD-Chemo
240,48,192329.8816,0.794068334,1.380772277,TDxD-SG
241,49,305414.3454,1.221834507,2.142323528,Super_TDXd
242,49,105366.6314,0.550954834,1.007889016,Chemo-Chemo
243,49,166875.8868,0.664236858,1.26623081,Chemo-TDxd
244,49,193638.7886,0.747019785,1.399125882,TDxD-Chemo
245,49,229028.2637,0.813497429,1.544919922,TDxD-SG
246,50,340764.0121,1.311607945,2.381836596,Super_TDXd
247,50,96947.07465,0.47087806,0.915506796,Chemo-Chemo
248,50,157184.4133,0.602966172,1.200237026,Chemo-TDxd
249,50,176064.5126,0.669709381,1.353132829,TDxD-Chemo
250,50,204863.0925,0.743265233,1.506053933,TDxD-SG
251,51,312351.9818,1.029874672,2.044409769,Super_TDXd
252,51,98062.9173,0.460641322,0.986989168,Chemo-Chemo
253,51,137816.0367,0.503491539,1.088593159,Chemo-TDxd
254,51,190709.525,0.630159224,1.353821613,TDxD-Chemo
255,51,222258.3714,0.69804535,1.515518107,TDxD-SG
256,52,283514.5439,1.351893069,2.277332672,Super_TDXd
257,52,88141.94214,0.459831489,0.869268339,Chemo-Chemo
258,52,122903.4728,0.541965811,1.036557847,Chemo-TDxd
259,52,150029.9291,0.65825078,1.207814868,TDxD-Chemo
260,52,182608.9545,0.734662374,1.363707637,TDxD-SG
261,53,309648.3498,1.24495434,2.12981381,Super_TDXd
262,53,109354.1587,0.602775909,1.10057364,Chemo-Chemo
263,53,196023.7427,0.728549348,1.463457976,Chemo-TDxd
264,53,199382.4376,0.786334103,1.478575756,TDxD-Chemo
265,53,239951.0134,0.861204257,1.692080352,TDxD-SG
266,54,308532.6612,1.066674027,1.997964678,Super_TDXd
267,54,105954.686,0.547217263,1.08895807,Chemo-Chemo
268,54,187864.3586,0.678982025,1.400070136,Chemo-TDxd
269,54,225453.4362,0.763477004,1.498654644,TDxD-Chemo
270,54,251951.6882,0.806109288,1.598246088,TDxD-SG
271,55,298207.4868,1.076224137,2.217106748,Super_TDXd
272,55,111509.5975,0.512025218,1.088889679,Chemo-Chemo
273,55,169367.3681,0.631166953,1.350980924,Chemo-TDxd
274,55,189707.2473,0.663351424,1.421937745,TDxD-Chemo
275,55,217530.0858,0.72501039,1.55783961,TDxD-SG
276,56,341072.7895,1.302024313,2.083215685,Super_TDXd
277,56,87606.89274,0.431144256,0.823215295,Chemo-Chemo
278,56,162632.3688,0.544487561,1.102263811,Chemo-TDxd
279,56,174057.8215,0.628880899,1.13961286,TDxD-Chemo
280,56,209428.8344,0.739203259,1.407547885,TDxD-SG
281,57,325304.9997,1.492937191,2.228254528,Super_TDXd
282,57,86770.89864,0.646177615,1.004659966,Chemo-Chemo
283,57,147927.318,0.786511292,1.265263377,Chemo-TDxd
284,57,194567.807,0.896989175,1.410571412,TDxD-Chemo
285,57,235946.4849,0.998721747,1.594350002,TDxD-SG
286,58,367453.1197,1.329487555,2.176792655,Super_TDXd
287,58,98179.76326,0.539417489,0.922663731,Chemo-Chemo
288,58,148983.8818,0.623692287,1.070707185,Chemo-TDxd
289,58,199409.5582,0.739904678,1.291023645,TDxD-Chemo
290,58,207734.3353,0.751095046,1.310719253,TDxD-SG
291,59,317946.4657,1.443023014,2.316820722,Super_TDXd
292,59,110006.7978,0.665584113,1.09541687,Chemo-Chemo
293,59,188397.8319,0.851167271,1.462813792,Chemo-TDxd
294,59,198528.283,0.87129123,1.465339873,TDxD-Chemo
295,59,229130.3896,0.898213766,1.516898516,TDxD-SG
296,60,301241.3623,1.102898794,1.906338949,Super_TDXd
297,60,99221.60856,0.517496085,1.018754883,Chemo-Chemo
298,60,181338.4688,0.656352107,1.37077441,Chemo-TDxd
299,60,196467.7312,0.699664283,1.312596001,TDxD-Chemo
300,60,264089.0194,0.842568575,1.668204422,TDxD-SG
301,61,258277.597,1.145488611,1.954309827,Super_TDXd
302,61,95820.55049,0.502109945,0.887605792,Chemo-Chemo
303,61,139892.4945,0.619853665,1.109700462,Chemo-TDxd
304,61,157415.8487,0.672720403,1.196864455,TDxD-Chemo
305,61,178931.0756,0.739275547,1.316606763,TDxD-SG
306,62,355632.4462,1.194191343,2.191711479,Super_TDXd
307,62,102532.838,0.463423273,0.999630271,Chemo-Chemo
308,62,177808.1677,0.541901214,1.256635092,Chemo-TDxd
309,62,210441.738,0.68699097,1.356555585,TDxD-Chemo
310,62,244883.9198,0.749971914,1.562757096,TDxD-SG
311,63,297715.6839,1.395513466,2.205488148,Super_TDXd
312,63,108664.9665,0.607169293,0.981300401,Chemo-Chemo
313,63,157455.1456,0.713511038,1.185430071,Chemo-TDxd
314,63,186887.7581,0.845550278,1.402012165,TDxD-Chemo
315,63,209227.5669,0.896791916,1.496262369,TDxD-SG
316,64,281433.7253,1.115894492,1.897502246,Super_TDXd
317,64,90763.06104,0.53528695,0.997839192,Chemo-Chemo
318,64,143683.5636,0.606883854,1.182354023,Chemo-TDxd
319,64,179354.0334,0.710909579,1.28945677,TDxD-Chemo
320,64,210642.0782,0.793110186,1.501440111,TDxD-SG
321,65,314893.9187,1.403263464,2.141436917,Super_TDXd
322,65,100449.1737,0.669176437,1.035537455,Chemo-Chemo
323,65,171348.9396,0.840835985,1.338705221,Chemo-TDxd
324,65,204741.1136,0.92056906,1.440211578,TDxD-Chemo
325,65,236807.462,1.006287201,1.587852367,TDxD-SG
326,66,377884.8608,1.305243611,2.213605542,Super_TDXd
327,66,87853.57665,0.46320959,0.857255372,Chemo-Chemo
328,66,179789.4519,0.611630294,1.245619085,Chemo-TDxd
329,66,182104.91,0.613941401,1.148422461,TDxD-Chemo
330,66,206567.5759,0.650897268,1.242977933,TDxD-SG
331,67,311685.0006,1.279506801,2.133459519,Super_TDXd
332,67,91039.61014,0.478394542,0.881816491,Chemo-Chemo
333,67,199964.5229,0.741892967,1.43372673,Chemo-TDxd
334,67,186463.5084,0.751957314,1.35229158,TDxD-Chemo
335,67,215092.5257,0.813811657,1.478769467,TDxD-SG
336,68,281284.442,1.36222486,2.159864433,Super_TDXd
337,68,95928.00332,0.565672119,0.987871381,Chemo-Chemo
338,68,161858.9918,0.740548264,1.360550244,Chemo-TDxd
339,68,188051.513,0.881509187,1.462522351,TDxD-Chemo
340,68,229827.7525,0.986734236,1.682959081,TDxD-SG
341,69,236147.4905,0.93090713,1.821698501,Super_TDXd
342,69,105169.5551,0.523777287,1.097759406,Chemo-Chemo
343,69,159888.9245,0.633703477,1.364906184,Chemo-TDxd
344,69,172530.1295,0.664217689,1.36303644,TDxD-Chemo
345,69,203957.6099,0.732006348,1.526308945,TDxD-SG
346,70,296325.3548,1.2636298,2.133838188,Super_TDXd
347,70,103146.9983,0.639015342,1.054862718,Chemo-Chemo
348,70,150961.6833,0.748329175,1.250999524,Chemo-TDxd
349,70,193413.566,0.823503958,1.442068338,TDxD-Chemo
350,70,239802.942,0.919720477,1.615270032,TDxD-SG
351,71,297773.7664,1.182920466,2.137261647,Super_TDXd
352,71,108878.2837,0.538340232,1.016659008,Chemo-Chemo
353,71,169381.0224,0.669642363,1.295851643,Chemo-TDxd
354,71,188337.6739,0.711593819,1.342777418,TDxD-Chemo
355,71,220250.362,0.806060891,1.54253404,TDxD-SG
356,72,387622.7967,1.121443645,2.125172939,Super_TDXd
357,72,110078.6594,0.457358443,0.960427735,Chemo-Chemo
358,72,212831.4495,0.615087564,1.381658495,Chemo-TDxd
359,72,296705.1012,0.845993672,1.671270797,TDxD-Chemo
360,72,331572.8586,0.929573801,1.89333235,TDxD-SG
361,73,303042.1603,1.232078674,2.04900223,Super_TDXd
362,73,111089.3198,0.593519913,1.031012993,Chemo-Chemo
363,73,191688.0777,0.775324869,1.388281026,Chemo-TDxd
364,73,184078.8912,0.721123311,1.300366307,TDxD-Chemo
365,73,223697.5312,0.799347443,1.453077912,TDxD-SG
366,74,382891.6471,1.174519845,2.305204246,Super_TDXd
367,74,110726.5025,0.490322006,1.080848488,Chemo-Chemo
368,74,201184.3964,0.629728053,1.413151456,Chemo-TDxd
369,74,244841.6449,0.735081631,1.546153183,TDxD-Chemo
370,74,280847.4512,0.795711051,1.691065267,TDxD-SG
371,75,359362.9912,1.177473553,2.197569552,Super_TDXd
372,75,106669.4602,0.487714812,1.023645232,Chemo-Chemo
373,75,193410.0381,0.597211411,1.360718903,Chemo-TDxd
374,75,223826.7892,0.703410183,1.418305149,TDxD-Chemo
375,75,238287.2675,0.703418364,1.418330064,TDxD-SG
376,76,329500.7987,1.284705649,2.159474113,Super_TDXd
377,76,90508.99814,0.468023604,0.871818801,Chemo-Chemo
378,76,143916.8154,0.559504508,1.066328874,Chemo-TDxd
379,76,171357.2029,0.650411141,1.180232696,TDxD-Chemo
380,76,205552.4387,0.726321657,1.348191295,TDxD-SG
381,77,356522.7122,1.095289851,2.285565834,Super_TDXd
382,77,101969.0995,0.462939771,1.008953706,Chemo-Chemo
383,77,159661.2223,0.547762671,1.21684175,Chemo-TDxd
384,77,195831.3241,0.603995352,1.344447093,TDxD-Chemo
385,77,241520.0719,0.686100908,1.545271244,TDxD-SG
386,78,248685.7773,1.076672579,2.061668867,Super_TDXd
387,78,85075.15402,0.421578656,0.848660242,Chemo-Chemo
388,78,123759.1486,0.522521675,1.068014266,Chemo-TDxd
389,78,147794.3498,0.604641147,1.255882288,TDxD-Chemo
390,78,181664.4826,0.693388721,1.446975906,TDxD-SG
391,79,314857.8402,1.33005167,2.322059992,Super_TDXd
392,79,93814.9914,0.419348882,0.83342851,Chemo-Chemo
393,79,148490.884,0.584156143,1.160668314,Chemo-TDxd
394,79,178717.0522,0.711604372,1.31974667,TDxD-Chemo
395,79,209261.0021,0.767732792,1.432555358,TDxD-SG
396,80,270372.5975,0.936483093,1.900119664,Super_TDXd
397,80,95690.15064,0.433246795,0.904156947,Chemo-Chemo
398,80,144683.8851,0.520856577,1.093788702,Chemo-TDxd
399,80,168202.943,0.555322011,1.203701124,TDxD-Chemo
400,80,189276.4813,0.601011598,1.302297632,TDxD-SG
401,81,255439.8159,1.022984612,1.892074897,Super_TDXd
402,81,101207.8485,0.565538308,1.030641726,Chemo-Chemo
403,81,149208.6861,0.647732293,1.216178625,Chemo-TDxd
404,81,172699.8868,0.669869499,1.30542286,TDxD-Chemo
405,81,231441.9009,0.816406691,1.639668476,TDxD-SG
406,82,434738.692,1.551879132,2.543694569,Super_TDXd
407,82,97325.30698,0.457885261,0.892104789,Chemo-Chemo
408,82,207139.2878,0.681512779,1.361089358,Chemo-TDxd
409,82,199374.5282,0.684918281,1.239060829,TDxD-Chemo
410,82,239269.6817,0.810210835,1.500904845,TDxD-SG
411,83,307548.7227,1.004723068,2.08700715,Super_TDXd
412,83,103722.9743,0.480835764,1.015114205,Chemo-Chemo
413,83,154849.0193,0.569470357,1.22078308,Chemo-TDxd
414,83,195786.0268,0.637417755,1.393432724,TDxD-Chemo
415,83,230540.7911,0.718247886,1.575878881,TDxD-SG
416,84,302271.4951,1.403784977,2.316896605,Super_TDXd
417,84,95804.98211,0.542075575,0.988275963,Chemo-Chemo
418,84,126738.9035,0.591578,1.096721502,Chemo-TDxd
419,84,166802.0572,0.7741923,1.354711908,TDxD-Chemo
420,84,211336.3548,0.873604902,1.564004767,TDxD-SG
421,85,298561.6114,1.321376973,2.054030048,Super_TDXd
422,85,114668.2111,0.650875763,1.084199823,Chemo-Chemo
423,85,179790.1752,0.825242236,1.404320383,Chemo-TDxd
424,85,195880.7974,0.842448021,1.38531011,TDxD-Chemo
425,85,226970.1104,0.953542969,1.588601786,TDxD-SG
426,86,374022.9994,1.36337546,2.332386293,Super_TDXd
427,86,110710.493,0.539556671,1.016405027,Chemo-Chemo
428,86,152307.1116,0.584665592,1.126340081,Chemo-TDxd
429,86,199792.0969,0.703467549,1.322258648,TDxD-Chemo
430,86,222963.31,0.766928071,1.477129928,TDxD-SG
431,87,388201.8844,1.484392107,2.327411795,Super_TDXd
432,87,109099.8894,0.596773731,0.996086886,Chemo-Chemo
433,87,152557.2783,0.652949441,1.139988733,Chemo-TDxd
434,87,228210.2035,0.848968568,1.436686971,TDxD-Chemo
435,87,271202.8695,0.921312069,1.618353492,TDxD-SG
436,88,351617.2298,1.382435924,2.215530995,Super_TDXd
437,88,91171.61555,0.555458215,0.921047443,Chemo-Chemo
438,88,185982.5078,0.754970246,1.305932631,Chemo-TDxd
439,88,196279.8236,0.777309328,1.31262655,TDxD-Chemo
440,88,229921.1308,0.840818523,1.432871483,TDxD-SG
441,89,328579.119,1.208555398,2.09441971,Super_TDXd
442,89,92187.92662,0.424204909,0.880570741,Chemo-Chemo
443,89,190939.1674,0.59789531,1.376519198,Chemo-TDxd
444,89,194881.8516,0.682772401,1.307963885,TDxD-Chemo
445,89,212524.1236,0.721942108,1.418460454,TDxD-SG
446,90,236322.7188,0.99664344,1.913710997,Super_TDXd
447,90,105017.7951,0.499114909,1.000421514,Chemo-Chemo
448,90,148224.0727,0.590136242,1.224723838,Chemo-TDxd
449,90,157588.1751,0.632746638,1.293316975,TDxD-Chemo
450,90,171190.0919,0.652813763,1.342261294,TDxD-SG
451,91,315728.2529,1.000693643,2.037172956,Super_TDXd
452,91,92336.28494,0.390290976,0.889746207,Chemo-Chemo
453,91,143734.5485,0.453707586,1.057372137,Chemo-TDxd
454,91,163277.1427,0.500188244,1.18371067,TDxD-Chemo
455,91,215321.111,0.60499075,1.462723081,TDxD-SG
456,92,308017.1859,1.139632398,2.091987272,Super_TDXd
457,92,101405.01,0.421276326,0.893761177,Chemo-Chemo
458,92,179081.2067,0.572961841,1.278433844,Chemo-TDxd
459,92,175519.6048,0.601598535,1.201381731,TDxD-Chemo
460,92,203286.6203,0.674073601,1.383771418,TDxD-SG
461,93,253489.6967,1.028761117,1.831303687,Super_TDXd
462,93,98238.04907,0.421227984,0.866595883,Chemo-Chemo
463,93,124715.6194,0.473135986,0.976833742,Chemo-TDxd
464,93,175886.9265,0.681588109,1.263249221,TDxD-Chemo
465,93,208451.5501,0.759724863,1.443765681,TDxD-SG
466,94,323527.8446,1.341767377,2.153998531,Super_TDXd
467,94,101891.046,0.567888816,0.987276622,Chemo-Chemo
468,94,215054.9829,0.853300858,1.569674329,Chemo-TDxd
469,94,187284.9757,0.760365449,1.339055836,TDxD-Chemo
470,94,213936.887,0.835512155,1.489169941,TDxD-SG
471,95,338416.4361,1.302524925,2.186737775,Super_TDXd
472,95,113297.6341,0.59592574,1.116189194,Chemo-Chemo
473,95,174895.8328,0.671147195,1.334676982,Chemo-TDxd
474,95,203425.5612,0.767887367,1.417578185,TDxD-Chemo
475,95,231889.4958,0.806646219,1.529211866,TDxD-SG
476,96,311939.4892,1.225322224,2.219574564,Super_TDXd
477,96,99752.48292,0.62956798,1.131120255,Chemo-Chemo
478,96,152290.2495,0.710633605,1.300510408,Chemo-TDxd
479,96,194349.8733,0.773583237,1.462741421,TDxD-Chemo
480,96,236960.4203,0.868597099,1.66198949,TDxD-SG
481,97,326834.1722,1.115201513,2.130477447,Super_TDXd
482,97,108598.073,0.542047754,1.088681431,Chemo-Chemo
483,97,149592.4498,0.580362029,1.181944397,Chemo-TDxd
484,97,196724.9851,0.677950644,1.378790319,TDxD-Chemo
485,97,235876.7306,0.748026455,1.55026734,TDxD-SG
486,98,291961.0979,1.056388141,1.984161872,Super_TDXd
487,98,111583.504,0.505736716,1.020588293,Chemo-Chemo
488,98,180707.1461,0.645174937,1.361557122,Chemo-TDxd
489,98,191386.7862,0.670125972,1.352837783,TDxD-Chemo
490,98,215087.4103,0.70937352,1.447238683,TDxD-SG
491,99,332568.0046,1.035641064,2.105287775,Super_TDXd
492,99,102369.277,0.422744556,0.924025227,Chemo-Chemo
493,99,185434.9476,0.576341394,1.318533298,Chemo-TDxd
494,99,282094.0094,0.875969533,1.809261876,TDxD-Chemo
495,99,310728.5102,0.936647808,1.967059451,TDxD-SG
496,100,332218.5891,1.116334213,2.354378929,Super_TDXd
497,100,117378.747,0.458640418,1.066318152,Chemo-Chemo
498,100,199551.973,0.61783271,1.504493497,Chemo-TDxd
499,100,261060.3014,0.852560969,1.835374333,TDxD-Chemo
500,100,296525.2723,0.926304904,2.03926488,TDxD-SG
501,101,235426.4297,0.887514887,1.79354161,Super_TDXd
502,101,93227.99526,0.385787108,0.84267108,Chemo-Chemo
503,101,134682.7549,0.464268154,1.056704767,Chemo-TDxd
504,101,152234.6122,0.530871676,1.163144265,TDxD-Chemo
505,101,184454.8782,0.588310094,1.31982961,TDxD-SG
506,102,329843.5338,1.358736272,2.3893285,Super_TDXd
507,102,93759.32742,0.499301982,0.915978679,Chemo-Chemo
508,102,135870.0499,0.586111651,1.112453301,Chemo-TDxd
509,102,164552.755,0.656825607,1.249507762,TDxD-Chemo
510,102,181796.4438,0.680913309,1.302333994,TDxD-SG
511,103,332453.5318,1.276386676,2.108254102,Super_TDXd
512,103,90072.8196,0.470608294,0.878626352,Chemo-Chemo
513,103,168708.8086,0.603279993,1.18305574,Chemo-TDxd
514,103,186247.3265,0.694815415,1.262893611,TDxD-Chemo
515,103,208663.0292,0.723740447,1.329605229,TDxD-SG
516,104,287301.551,1.320567612,2.116234869,Super_TDXd
517,104,94510.86729,0.5858407,0.990932174,Chemo-Chemo
518,104,171946.3255,0.795277269,1.380125433,Chemo-TDxd
519,104,171254.8178,0.778625625,1.349624876,TDxD-Chemo
520,104,216110.1834,0.897272534,1.56829093,TDxD-SG
521,105,332297.4823,1.397506414,2.337906536,Super_TDXd
522,105,94494.99011,0.496866514,0.894279213,Chemo-Chemo
523,105,146650.401,0.63519867,1.147960444,Chemo-TDxd
524,105,165664.7155,0.678867345,1.228651253,TDxD-Chemo
525,105,200311.199,0.769660513,1.394987982,TDxD-SG
526,106,290171.1433,1.058249161,1.826432467,Super_TDXd
527,106,95239.11254,0.441240124,0.881634323,Chemo-Chemo
528,106,176991.3138,0.572138154,1.241582746,Chemo-TDxd
529,106,204806.3325,0.725098095,1.335593893,TDxD-Chemo
530,106,243078.8299,0.79353237,1.523440947,TDxD-SG
531,107,303522.9942,1.123969149,2.206257453,Super_TDXd
532,107,108843.4211,0.517405607,1.104688021,Chemo-Chemo
533,107,158927.5074,0.589197631,1.306857257,Chemo-TDxd
534,107,199422.7361,0.704726047,1.47209365,TDxD-Chemo
535,107,232149.8203,0.740268714,1.572478801,TDxD-SG
536,108,314714.9048,1.264125059,2.091155841,Super_TDXd
537,108,101430.4483,0.560963962,0.989459389,Chemo-Chemo
538,108,177174.1745,0.704446343,1.320592683,Chemo-TDxd
539,108,193939.2689,0.752191443,1.344554801,TDxD-Chemo
540,108,222901.671,0.817474116,1.489482378,TDxD-SG
541,109,331416.5578,1.187270256,2.153726347,Super_TDXd
542,109,104410.7452,0.465798671,0.906269845,Chemo-Chemo
543,109,145337.9431,0.529257899,1.047321941,Chemo-TDxd
544,109,204864.6039,0.714104985,1.37400317,TDxD-Chemo
545,109,235662.3151,0.767192579,1.489214008,TDxD-SG
546,110,229480.7437,1.147841495,1.837247448,Super_TDXd
547,110,95096.93375,0.577767705,0.992255121,Chemo-Chemo
548,110,195567.5781,0.941214595,1.666574629,Chemo-TDxd
549,110,167977.6402,0.807828655,1.344440695,TDxD-Chemo
550,110,207721.7446,0.91468842,1.535194589,TDxD-SG
551,111,375103.5562,1.117230548,2.372330744,Super_TDXd
552,111,102445.6765,0.413355912,0.951425831,Chemo-Chemo
553,111,187217.7751,0.543233853,1.284733413,Chemo-TDxd
554,111,218048.0085,0.637272991,1.411025262,TDxD-Chemo
555,111,225312.4343,0.63727626,1.411033601,TDxD-SG
556,112,325498.984,1.254580632,2.158525503,Super_TDXd
557,112,106957.8456,0.555534879,1.007060614,Chemo-Chemo
558,112,180535.5004,0.69744438,1.312084222,Chemo-TDxd
559,112,201988.5022,0.75590125,1.399960348,TDxD-Chemo
560,112,226321.9489,0.807317983,1.51039937,TDxD-SG
561,113,231547.7906,0.931403134,1.866859521,Super_TDXd
562,113,91766.12798,0.493018144,0.993285955,Chemo-Chemo
563,113,133647.4555,0.587234155,1.197905094,Chemo-TDxd
564,113,168207.7437,0.685725973,1.415659957,TDxD-Chemo
565,113,193363.9161,0.745064694,1.544466415,TDxD-SG
566,114,316353.0619,1.178899062,2.048889774,Super_TDXd
567,114,86513.84489,0.439745627,0.854987819,Chemo-Chemo
568,114,164515.2139,0.59494684,1.203943096,Chemo-TDxd
569,114,169328.4534,0.599100335,1.155077588,TDxD-Chemo
570,114,206188.5162,0.67236337,1.316753702,TDxD-SG
571,115,379133.9383,1.456790738,2.342208367,Super_TDXd
572,115,90006.47443,0.514512402,0.901470128,Chemo-Chemo
573,115,174021.6977,0.69797238,1.258038682,Chemo-TDxd
574,115,177941.036,0.68297389,1.207111566,TDxD-Chemo
575,115,225514.3278,0.796838096,1.432762126,TDxD-SG
576,116,294979.1839,1.311137581,2.202254318,Super_TDXd
577,116,100547.8909,0.52415263,0.921920507,Chemo-Chemo
578,116,157001.2388,0.685362161,1.237026063,Chemo-TDxd
579,116,151145.9814,0.617066137,1.113940366,TDxD-Chemo
580,116,198199.664,0.743847908,1.36068776,TDxD-SG
581,117,268617.7503,1.333641335,2.157470975,Super_TDXd
582,117,95564.29734,0.547613933,0.99888626,Chemo-Chemo
583,117,160201.4625,0.687024611,1.363385235,Chemo-TDxd
584,117,164954.2648,0.760982274,1.369856665,TDxD-Chemo
585,117,211711.2038,0.833308204,1.556566496,TDxD-SG
586,118,326241.4377,1.250606135,2.200899756,Super_TDXd
587,118,103196.9826,0.598707891,1.043736052,Chemo-Chemo
588,118,195286.7545,0.800136631,1.435453903,Chemo-TDxd
589,118,231041.1502,0.876547907,1.579646565,TDxD-Chemo
590,118,257066.6302,0.93521067,1.691718375,TDxD-SG
591,119,263003.2756,1.131178372,1.902578654,Super_TDXd
592,119,99251.88635,0.548430862,1.006503063,Chemo-Chemo
593,119,164153.2795,0.694501955,1.329081831,Chemo-TDxd
594,119,199463.409,0.82801259,1.467327773,TDxD-Chemo
595,119,224900.0052,0.862158307,1.542561661,TDxD-SG
596,120,339102.6114,1.276917272,2.077196339,Super_TDXd
597,120,92935.86019,0.48764741,0.913672772,Chemo-Chemo
598,120,141233.1483,0.55605513,1.085648692,Chemo-TDxd
599,120,217257.2066,0.787090354,1.370957112,TDxD-Chemo
600,120,228237.3416,0.812028364,1.431800438,TDxD-SG
601,121,286722.8865,0.93545427,1.822739793,Super_TDXd
602,121,97537.95113,0.441204104,0.912276906,Chemo-Chemo
603,121,151505.5589,0.526755286,1.111653977,Chemo-TDxd
604,121,188792.7723,0.620489246,1.280181673,TDxD-Chemo
605,121,234072.0073,0.70991953,1.48995594,TDxD-SG
606,122,369973.9296,1.37154331,2.31007923,Super_TDXd
607,122,122430.4154,0.614306172,1.113281621,Chemo-Chemo
608,122,202063.0086,0.750000291,1.433108275,Chemo-TDxd
609,122,236888.981,0.86717195,1.537380577,TDxD-Chemo
610,122,252447.4814,0.898348384,1.61015216,TDxD-SG
611,123,286354.0322,1.04679325,2.09059131,Super_TDXd
612,123,108516.621,0.484670045,0.982305954,Chemo-Chemo
613,123,174669.7218,0.612370761,1.26551194,Chemo-TDxd
614,123,195500.2763,0.707771673,1.50636978,TDxD-Chemo
615,123,214665.8722,0.73824028,1.574262354,TDxD-SG
616,124,273371.3454,1.063772037,2.155543354,Super_TDXd
617,124,116414.4111,0.517261984,1.076091051,Chemo-Chemo
618,124,156472.6491,0.612486437,1.278151578,Chemo-TDxd
619,124,185077.9021,0.689094197,1.443694984,TDxD-Chemo
620,124,234107.4958,0.79368828,1.665803346,TDxD-SG
621,125,324217.9789,1.242519725,2.194893283,Super_TDXd
622,125,100112.5526,0.540637471,1.045810983,Chemo-Chemo
623,125,160183.7295,0.637809532,1.249388806,Chemo-TDxd
624,125,208528.3344,0.809795362,1.474142238,TDxD-Chemo
625,125,228833.7422,0.833784561,1.524134031,TDxD-SG
626,126,330127.2777,1.19767046,2.273001748,Super_TDXd
627,126,93927.83943,0.478563737,1.001444657,Chemo-Chemo
628,126,148845.6807,0.555237127,1.195208661,Chemo-TDxd
629,126,181498.9037,0.628188886,1.294431319,TDxD-Chemo
630,126,220582.9324,0.728458624,1.544051002,TDxD-SG
631,127,286776.6788,1.268181605,2.153127237,Super_TDXd
632,127,85623.58722,0.468171198,0.910038382,Chemo-Chemo
633,127,114732.763,0.509463347,1.014646336,Chemo-TDxd
634,127,164362.6091,0.687814519,1.272264507,TDxD-Chemo
635,127,205742.6277,0.772595478,1.478899027,TDxD-SG
636,128,348177.1935,1.510807413,2.42243723,Super_TDXd
637,128,87665.61665,0.473537246,0.885422275,Chemo-Chemo
638,128,137090.6903,0.553398776,1.099171746,Chemo-TDxd
639,128,168483.4598,0.681368545,1.252126266,TDxD-Chemo
640,128,189156.7024,0.720337352,1.355084803,TDxD-SG
641,129,272900.0989,1.242125666,2.18426039,Super_TDXd
642,129,97865.03146,0.544048392,1.035137649,Chemo-Chemo
643,129,137146.8236,0.608136479,1.212506403,Chemo-TDxd
644,129,171519.5411,0.750020515,1.436727858,TDxD-Chemo
645,129,200690.2048,0.786456763,1.53802441,TDxD-SG
646,130,283892.917,1.084757111,1.956946301,Super_TDXd
647,130,102509.6021,0.606355152,1.048105743,Chemo-Chemo
648,130,197629.8297,0.861547071,1.512794327,Chemo-TDxd
649,130,208298.7641,0.792054424,1.478250502,TDxD-Chemo
650,130,246011.2999,0.888368735,1.650596386,TDxD-SG
651,131,246151.3377,1.291383493,2.163207182,Super_TDXd
652,131,99713.05475,0.557394219,0.94188665,Chemo-Chemo
653,131,128314.3923,0.639531279,1.102905255,Chemo-TDxd
654,131,167092.5149,0.846217436,1.532657367,TDxD-Chemo
655,131,195337.8985,0.922312075,1.676226175,TDxD-SG
656,132,255721.8724,1.071114046,1.793749577,Super_TDXd
657,132,92879.21222,0.477486229,0.880210813,Chemo-Chemo
658,132,129597.7035,0.54734827,1.019339282,Chemo-TDxd
659,132,162350.5567,0.639273195,1.139475377,TDxD-Chemo
660,132,205565.6357,0.739088632,1.345845798,TDxD-SG
661,133,313002.9847,1.11595784,2.094382667,Super_TDXd
662,133,96689.83856,0.495725629,0.9901093,Chemo-Chemo
663,133,155617.4084,0.588843389,1.209522655,Chemo-TDxd
664,133,215857.4151,0.762786785,1.552043594,TDxD-Chemo
665,133,243340.3582,0.827578627,1.705450149,TDxD-SG
666,134,277153.3076,1.327080016,2.147538623,Super_TDXd
667,134,96212.19076,0.480129322,0.895166244,Chemo-Chemo
668,134,116029.2448,0.531168227,0.982939785,Chemo-TDxd
669,134,160182.5421,0.698667873,1.215535044,TDxD-Chemo
670,134,189646.6525,0.789837293,1.398478149,TDxD-SG
671,135,280263.01,1.135947199,2.222333845,Super_TDXd
672,135,86132.85773,0.392147116,0.860602761,Chemo-Chemo
673,135,133095.702,0.491440186,1.095633323,Chemo-TDxd
674,135,148857.5942,0.568748872,1.196221869,TDxD-Chemo
675,135,173175.6656,0.620097961,1.319844923,TDxD-SG
676,136,241328.2245,0.953306459,1.710289332,Super_TDXd
677,136,88907.47809,0.432506495,0.829111517,Chemo-Chemo
678,136,135584.6533,0.542097434,1.055162758,Chemo-TDxd
679,136,154027.5022,0.590839014,1.140542284,TDxD-Chemo
680,136,207381.5746,0.715423438,1.386028851,TDxD-SG
681,137,339228.2024,1.21606147,2.178546966,Super_TDXd
682,137,86454.01396,0.472313036,0.908848335,Chemo-Chemo
683,137,142963.0457,0.543013716,1.076193146,Chemo-TDxd
684,137,204586.8757,0.74175238,1.398995712,TDxD-Chemo
685,137,214081.9693,0.74173918,1.398965447,TDxD-SG
686,138,301619.4955,1.168697243,2.254264629,Super_TDXd
687,138,100365.8196,0.524151664,1.035276154,Chemo-Chemo
688,138,138526.6016,0.579088392,1.160930659,Chemo-TDxd
689,138,193847.6604,0.749494392,1.565882445,TDxD-Chemo
690,138,207393.9575,0.751497891,1.570368473,TDxD-SG
691,139,258897.9567,0.987171297,1.874917896,Super_TDXd
692,139,88678.89625,0.388080626,0.81838687,Chemo-Chemo
693,139,201393.7382,0.731559519,1.576281002,Chemo-TDxd
694,139,199268.0998,0.755534305,1.512538118,TDxD-Chemo
695,139,238610.2761,0.832314847,1.680132231,TDxD-SG
696,140,302128.2868,1.175981262,2.013640306,Super_TDXd
697,140,96578.59011,0.466669504,0.895010959,Chemo-Chemo
698,140,141400.6572,0.548595463,1.100440379,Chemo-TDxd
699,140,183690.0856,0.679201359,1.276357418,TDxD-Chemo
700,140,219664.3047,0.753767834,1.461957078,TDxD-SG
701,141,310081.6453,1.165068231,2.120404834,Super_TDXd
702,141,107869.2628,0.507715817,0.978549347,Chemo-Chemo
703,141,188173.2282,0.695416583,1.399700231,Chemo-TDxd
704,141,189638.6575,0.682851236,1.33149425,TDxD-Chemo
705,141,215841.7429,0.764290921,1.512285952,TDxD-SG
706,142,269879.3314,1.211224129,1.823271462,Super_TDXd
707,142,93474.9415,0.607079554,0.977430035,Chemo-Chemo
708,142,178829.9726,0.823085219,1.367170588,Chemo-TDxd
709,142,216004.6326,0.969324617,1.497259027,TDxD-Chemo
710,142,242306.3108,1.034404725,1.611418003,TDxD-SG
711,143,279558.1655,1.256545039,2.142627246,Super_TDXd
712,143,97660.52027,0.540199678,0.98400902,Chemo-Chemo
713,143,141372.8717,0.621950491,1.160882853,Chemo-TDxd
714,143,169385.189,0.748310527,1.395302222,TDxD-Chemo
715,143,202148.3963,0.824010322,1.560021237,TDxD-SG
716,144,322983.7353,1.22232282,2.122448302,Super_TDXd
717,144,112986.7683,0.544799176,1.012802032,Chemo-Chemo
718,144,186919.2485,0.68937056,1.327727017,Chemo-TDxd
719,144,204338.3311,0.760939447,1.422456244,TDxD-Chemo
720,144,241578.7478,0.836253275,1.586109423,TDxD-SG
721,145,306916.9398,1.517397042,2.457427807,Super_TDXd
722,145,96893.5812,0.585084802,1.009395236,Chemo-Chemo
723,145,137476.6839,0.689923693,1.216692791,Chemo-TDxd
724,145,165228.0266,0.795646116,1.388756931,TDxD-Chemo
725,145,177996.3186,0.806124046,1.409452152,TDxD-SG
726,146,319045.0876,1.461074752,2.456408874,Super_TDXd
727,146,115497.2021,0.609142983,1.030582797,Chemo-Chemo
728,146,166815.3105,0.755660476,1.315371447,Chemo-TDxd
729,146,194780.6488,0.855695892,1.512949611,TDxD-Chemo
730,146,217697.8123,0.891501306,1.582591806,TDxD-SG
731,147,326358.4275,1.190504277,2.18281252,Super_TDXd
732,147,96014.72357,0.531917578,0.986280993,Chemo-Chemo
733,147,167079.7588,0.681330489,1.251236453,Chemo-TDxd
734,147,196726.2433,0.725649209,1.388816303,TDxD-Chemo
735,147,229792.45,0.821196705,1.558339894,TDxD-SG
736,148,320329.5599,1.27810476,2.272098047,Super_TDXd
737,148,99071.31001,0.557713733,1.001866871,Chemo-Chemo
738,148,152667.6453,0.658300406,1.19341328,Chemo-TDxd
739,148,196469.106,0.769656511,1.402415266,TDxD-Chemo
740,148,237975.5245,0.857113923,1.562130673,TDxD-SG
741,149,267484.094,1.095574771,2.036657535,Super_TDXd
742,149,102165.6018,0.448380363,0.905889911,Chemo-Chemo
743,149,118631.3602,0.465404831,0.945134129,Chemo-TDxd
744,149,160337.6281,0.611206943,1.215533925,TDxD-Chemo
745,149,197348.2399,0.704336042,1.433514459,TDxD-SG
746,150,288292.8523,1.151719116,2.140480897,Super_TDXd
747,150,100629.1015,0.50042505,1.007900872,Chemo-Chemo
748,150,164012.3113,0.642023695,1.32582052,Chemo-TDxd
749,150,179550.4503,0.6998865,1.393328869,TDxD-Chemo
750,150,216896.124,0.781055415,1.575024859,TDxD-SG
751,151,360134.2516,1.266287043,2.156236231,Super_TDXd
752,151,109623.68,0.571930205,1.071955454,Chemo-Chemo
753,151,164085.1224,0.628282143,1.190595234,Chemo-TDxd
754,151,231323.9685,0.815568301,1.456717626,TDxD-Chemo
755,151,272343.9909,0.920096622,1.678453835,TDxD-SG
756,152,244126.7968,0.859163399,1.819660333,Super_TDXd
757,152,108986.6933,0.449147788,1.003632298,Chemo-Chemo
758,152,168025.5679,0.584105533,1.322823634,Chemo-TDxd
759,152,178017.1234,0.598902115,1.317290002,TDxD-Chemo
760,152,209688.0504,0.674538095,1.494683276,TDxD-SG
761,153,312224.4254,1.148867072,2.031460025,Super_TDXd
762,153,96176.75961,0.5049057,0.944592774,Chemo-Chemo
763,153,198115.4266,0.705097907,1.397426012,Chemo-TDxd
764,153,270575.6323,0.973588537,1.707565473,TDxD-Chemo
765,153,308160.1937,1.054277128,1.890899495,TDxD-SG
766,154,279451.8545,1.070507324,1.810361208,Super_TDXd
767,154,87418.35552,0.459740242,0.852409719,Chemo-Chemo
768,154,133232.3383,0.528898582,0.969725977,Chemo-TDxd
769,154,198838.5217,0.743045812,1.289648575,TDxD-Chemo
770,154,227371.0425,0.805691809,1.410863328,TDxD-SG
771,155,312181.5098,1.335973361,2.420369433,Super_TDXd
772,155,94565.41786,0.442606422,0.897935959,Chemo-Chemo
773,155,129927.5031,0.529081681,1.081228079,Chemo-TDxd
774,155,143664.5898,0.566244075,1.150191157,TDxD-Chemo
775,155,178403.7092,0.691525974,1.417364567,TDxD-SG
776,156,358958.471,1.316481386,2.207821075,Super_TDXd
777,156,104118.5661,0.630772644,1.081455737,Chemo-Chemo
778,156,191991.1066,0.781954537,1.409172514,Chemo-TDxd
779,156,236097.612,0.870704491,1.541815858,TDxD-Chemo
780,156,282589.0432,0.973385614,1.761313487,TDxD-SG
781,157,259040.8408,1.195021616,1.888561736,Super_TDXd
782,157,103339.9195,0.639103151,1.077029397,Chemo-Chemo
783,157,152355.4216,0.725367576,1.239467839,Chemo-TDxd
784,157,180127.7938,0.825762359,1.384240996,TDxD-Chemo
785,157,212806.9868,0.932832642,1.586776821,TDxD-SG
786,158,343254.5557,1.181029753,2.132081871,Super_TDXd
787,158,99072.77929,0.540276802,1.002528468,Chemo-Chemo
788,158,184062.7253,0.678053582,1.315644528,Chemo-TDxd
789,158,237818.3366,0.816670334,1.563298101,TDxD-Chemo
790,158,278237.8016,0.888332866,1.724264871,TDxD-SG
791,159,355957.0741,1.341828138,2.410277484,Super_TDXd
792,159,114577.2979,0.548023093,1.062002978,Chemo-Chemo
793,159,198447.2821,0.730305757,1.466254995,Chemo-TDxd
794,159,224467.7084,0.83688953,1.543981276,TDxD-Chemo
795,159,238761.4991,0.836887767,1.543977401,TDxD-SG
796,160,242712.3109,1.127615328,1.981818286,Super_TDXd
797,160,110500.2587,0.554641838,1.098615619,Chemo-Chemo
798,160,164595.2847,0.656429474,1.411363768,Chemo-TDxd
799,160,183344.1126,0.8104981,1.520783475,TDxD-Chemo
800,160,219665.5881,0.877453773,1.725683012,TDxD-SG
801,161,266505.0159,1.364522562,2.116566064,Super_TDXd
802,161,88740.54987,0.55218604,0.90500325,Chemo-Chemo
803,161,122141.5103,0.629043636,1.063543638,Chemo-TDxd
804,161,159332.4023,0.789170177,1.334227264,TDxD-Chemo
805,161,172388.8933,0.829392853,1.413203029,TDxD-SG
806,162,309292.6223,1.155589098,2.308193306,Super_TDXd
807,162,111829.307,0.534461708,1.103703509,Chemo-Chemo
808,162,221269.6711,0.801064181,1.735371843,Chemo-TDxd
809,162,231616.4031,0.859388001,1.781983388,TDxD-Chemo
810,162,271753.1323,0.953263625,2.002389086,TDxD-SG
811,163,332437.7467,1.219606022,2.137934788,Super_TDXd
812,163,106401.1602,0.516406421,1.022674414,Chemo-Chemo
813,163,156802.241,0.574082727,1.182555667,Chemo-TDxd
814,163,213316.9815,0.751425109,1.440588098,TDxD-Chemo
815,163,256408.4498,0.815033158,1.616596556,TDxD-SG
816,164,381793.216,1.635958998,2.520652681,Super_TDXd
817,164,105491.4446,0.577429064,0.992845853,Chemo-Chemo
818,164,145338.7236,0.652674552,1.139697923,Chemo-TDxd
819,164,179970.5875,0.743310532,1.28307032,TDxD-Chemo
820,164,219014.3624,0.885762645,1.563059166,TDxD-SG
821,165,251288.7296,1.114420586,1.998150749,Super_TDXd
822,165,88015.36394,0.439303486,0.887324379,Chemo-Chemo
823,165,113700.4915,0.475466404,0.979239022,Chemo-TDxd
824,165,160218.5928,0.656351962,1.307866877,TDxD-Chemo
825,165,197791.4815,0.722460726,1.470506147,TDxD-SG
826,166,374574.499,1.293327949,2.320009406,Super_TDXd
827,166,105538.8633,0.527703521,1.00172712,Chemo-Chemo
828,166,219818.8087,0.73375873,1.502483534,Chemo-TDxd
829,166,205144.7861,0.694203242,1.367381349,TDxD-Chemo
830,166,249330.784,0.764456008,1.534587358,TDxD-SG
831,167,339001.8483,1.221501306,2.194110641,Super_TDXd
832,167,111368.9813,0.499521253,0.970257584,Chemo-Chemo
833,167,179111.1887,0.62742378,1.273052217,Chemo-TDxd
834,167,212867.9578,0.731583742,1.405285386,TDxD-Chemo
835,167,233077.2498,0.778239139,1.515884109,TDxD-SG
836,168,242707.1073,0.920547857,1.839248313,Super_TDXd
837,168,96724.42618,0.466817355,0.91553292,Chemo-Chemo
838,168,151828.8329,0.601312988,1.202260519,Chemo-TDxd
839,168,155567.7157,0.565393281,1.194560361,TDxD-Chemo
840,168,173599.6169,0.606314273,1.281688169,TDxD-SG
841,169,283658.3793,1.033747264,1.796690715,Super_TDXd
842,169,93910.98044,0.47529531,0.926647472,Chemo-Chemo
843,169,144757.8974,0.543173903,1.096224942,Chemo-TDxd
844,169,194503.6816,0.686764524,1.301650117,TDxD-Chemo
845,169,230779.616,0.76463881,1.495871861,TDxD-SG
846,170,371121.9626,1.464651321,2.17448974,Super_TDXd
847,170,104582.4855,0.640790188,1.007989041,Chemo-Chemo
848,170,192313.2542,0.832851852,1.337402882,Chemo-TDxd
849,170,224043.7414,0.899676649,1.401927937,TDxD-Chemo
850,170,258833.3833,1.021174744,1.603946599,TDxD-SG
851,171,254160.054,1.055659832,1.825546473,Super_TDXd
852,171,90818.16555,0.449294557,0.894664077,Chemo-Chemo
853,171,152568.6215,0.584868898,1.205095777,Chemo-TDxd
854,171,165619.3187,0.662340106,1.219827035,TDxD-Chemo
855,171,187350.0675,0.711003537,1.330419958,TDxD-SG
856,172,275243.7339,1.297139614,2.145366272,Super_TDXd
857,172,97206.83653,0.560469519,0.998134628,Chemo-Chemo
858,172,129146.5626,0.615076084,1.124033516,Chemo-TDxd
859,172,164654.1996,0.751070952,1.322675781,TDxD-Chemo
860,172,179443.7687,0.761723727,1.347126124,TDxD-SG
861,173,333590.0904,1.166518575,2.136088551,Super_TDXd
862,173,108890.3522,0.538732723,1.022471751,Chemo-Chemo
863,173,182006.4122,0.677399768,1.335415202,Chemo-TDxd
864,173,202701.2853,0.70902384,1.369331521,TDxD-Chemo
865,173,235010.4063,0.781062595,1.530518165,TDxD-SG
866,174,294234.705,1.150582783,2.039863767,Super_TDXd
867,174,95860.63408,0.422108676,0.864196355,Chemo-Chemo
868,174,161211.3453,0.579088832,1.199772615,Chemo-TDxd
869,174,216248.409,0.826200017,1.532218113,TDxD-Chemo
870,174,244654.034,0.86125924,1.611162386,TDxD-SG
871,175,376657.906,1.198892848,2.276245684,Super_TDXd
872,175,89517.30456,0.461963745,0.905278144,Chemo-Chemo
873,175,151459.0233,0.560037327,1.108632792,Chemo-TDxd
874,175,215479.9066,0.712905882,1.429337009,TDxD-Chemo
875,175,226877.618,0.71025309,1.423894239,TDxD-SG
876,176,358480.1789,1.187257515,2.374382672,Super_TDXd
877,176,103111.3654,0.485340809,0.974547114,Chemo-Chemo
878,176,148786.2328,0.544459848,1.095900013,Chemo-TDxd
879,176,200842.6958,0.68427605,1.436562202,TDxD-Chemo
880,176,214883.5239,0.69088703,1.450194874,TDxD-SG
881,177,255170.5461,0.901264295,1.85241077,Super_TDXd
882,177,115320.5599,0.498377248,1.032010277,Chemo-Chemo
883,177,174081.6224,0.63014502,1.342465802,Chemo-TDxd
884,177,195495.3172,0.678411724,1.455444201,TDxD-Chemo
885,177,225448.8189,0.765878084,1.656404348,TDxD-SG
886,178,276666.6433,1.040516954,1.79054595,Super_TDXd
887,178,91288.12237,0.606393551,1.02720975,Chemo-Chemo
888,178,192947.2647,0.814287119,1.425108498,Chemo-TDxd
889,178,216023.1452,0.804565328,1.40615472,TDxD-Chemo
890,178,250023.5266,0.917856949,1.62096274,TDxD-SG
891,179,374730.5272,1.405544181,2.198819347,Super_TDXd
892,179,99022.08291,0.56444135,0.950548713,Chemo-Chemo
893,179,172335.5999,0.706100922,1.240432119,Chemo-TDxd
894,179,202051.5629,0.747174219,1.307039077,TDxD-Chemo
895,179,229955.4823,0.823530445,1.458968605,TDxD-SG
896,180,291820.4355,1.417582966,2.193131642,Super_TDXd
897,180,96178.98252,0.531366611,0.905602184,Chemo-Chemo
898,180,143258.7432,0.661459547,1.146120931,Chemo-TDxd
899,180,164100.9118,0.760397048,1.300077001,TDxD-Chemo
900,180,195446.5751,0.816069864,1.403339431,TDxD-SG
901,181,363280.123,1.266124657,2.210958234,Super_TDXd
902,181,106801.4713,0.569491647,1.020557112,Chemo-Chemo
903,181,194326.3227,0.726645426,1.35883858,Chemo-TDxd
904,181,221022.6714,0.767613821,1.425940421,TDxD-Chemo
905,181,250070.1394,0.795063597,1.483765142,TDxD-SG
906,182,333076.4508,1.319592881,2.092474764,Super_TDXd
907,182,114121.6358,0.572922878,1.035344019,Chemo-Chemo
908,182,169740.1704,0.643972712,1.235201156,Chemo-TDxd
909,182,203158.16,0.796611183,1.369810453,TDxD-Chemo
910,182,217358.3849,0.819970457,1.434951074,TDxD-SG
911,183,363804.1888,1.430159983,2.338168507,Super_TDXd
912,183,112812.4959,0.574735782,0.993928858,Chemo-Chemo
913,183,164095.7827,0.65497389,1.162215735,Chemo-TDxd
914,183,206383.7828,0.777874179,1.350645505,TDxD-Chemo
915,183,234889.2364,0.839628003,1.4765074,TDxD-SG
916,184,242851.9195,0.986938634,1.808698446,Super_TDXd
917,184,92509.27836,0.451082659,0.885339654,Chemo-Chemo
918,184,112315.7668,0.467343803,0.918710339,Chemo-TDxd
919,184,154049.7077,0.601375163,1.212793291,TDxD-Chemo
920,184,193141.9844,0.682947585,1.381580066,TDxD-SG
921,185,316002.6665,1.221775763,2.000156161,Super_TDXd
922,185,111271.295,0.565597668,1.001962843,Chemo-Chemo
923,185,181066.7254,0.700565505,1.31806059,Chemo-TDxd
924,185,224150.4658,0.822519943,1.375089755,TDxD-Chemo
925,185,264276.1135,0.907795289,1.572138757,TDxD-SG
926,186,334029.9662,1.531131185,2.37248149,Super_TDXd
927,186,108089.3845,0.610026113,1.029633342,Chemo-Chemo
928,186,169746.6377,0.762784622,1.334479942,Chemo-TDxd
929,186,189445.7558,0.834292398,1.397614089,TDxD-Chemo
930,186,215000.9026,0.892425296,1.512739807,TDxD-SG
931,187,283779.3614,0.929521597,1.807299297,Super_TDXd
932,187,97671.42627,0.435382231,0.8989996,Chemo-Chemo
933,187,177210.9442,0.574032512,1.241700952,Chemo-TDxd
934,187,179868.0777,0.574880222,1.197727462,TDxD-Chemo
935,187,200997.3746,0.622036619,1.312373878,TDxD-SG
936,188,257822.4442,1.132688286,1.883069204,Super_TDXd
937,188,108575.2016,0.589465066,1.002196034,Chemo-Chemo
938,188,175920.4153,0.777214298,1.332983767,Chemo-TDxd
939,188,185877.1861,0.804401071,1.37761389,TDxD-Chemo
940,188,215477.8939,0.870145875,1.492420553,TDxD-SG
941,189,366786.6187,1.38333146,2.250791816,Super_TDXd
942,189,103991.766,0.594295477,1.017389645,Chemo-Chemo
943,189,136207.185,0.601726633,1.037865403,Chemo-TDxd
944,189,207928.7346,0.776118564,1.363276578,TDxD-Chemo
945,189,247044.2462,0.851020424,1.511682706,TDxD-SG
946,190,324915.546,1.346400576,2.217891648,Super_TDXd
947,190,109032.3706,0.539976885,0.993938484,Chemo-Chemo
948,190,150119.9929,0.598997453,1.131696649,Chemo-TDxd
949,190,192464.9876,0.761851527,1.363072211,TDxD-Chemo
950,190,206288.6637,0.788385445,1.424963591,TDxD-SG
951,191,285541.0111,1.101263213,2.113951847,Super_TDXd
952,191,97676.71938,0.400912285,0.867867895,Chemo-Chemo
953,191,154107.0481,0.546028376,1.191091041,Chemo-TDxd
954,191,193975.4146,0.678096074,1.374718146,TDxD-Chemo
955,191,231363.0017,0.758513936,1.554554456,TDxD-SG
956,192,315154.9614,1.127092855,1.930602389,Super_TDXd
957,192,103818.8923,0.431546129,0.855903062,Chemo-Chemo
958,192,220224.3148,0.745407041,1.399471552,Chemo-TDxd
959,192,323958.6522,1.168081439,1.974380532,TDxD-Chemo
960,192,351778.0921,1.255980941,2.137652687,TDxD-SG
961,193,258051.1648,0.917777961,1.838565894,Super_TDXd
962,193,88083.95261,0.414863529,0.880390601,Chemo-Chemo
963,193,157426.6379,0.535289233,1.177165128,Chemo-TDxd
964,193,186919.8257,0.647859941,1.339853234,TDxD-Chemo
965,193,233286.202,0.720614042,1.517560956,TDxD-SG
966,194,296250.9427,1.244590922,2.244894872,Super_TDXd
967,194,118217.5832,0.639699437,1.203551208,Chemo-Chemo
968,194,188238.037,0.792444559,1.54260255,Chemo-TDxd
969,194,207316.2535,0.870141095,1.624439004,TDxD-Chemo
970,194,238321.2766,0.919513841,1.733362894,TDxD-SG
971,195,272572.6189,1.25825933,2.171221643,Super_TDXd
972,195,83847.27963,0.52779088,0.927635186,Chemo-Chemo
973,195,156677.6314,0.731228966,1.333175605,Chemo-TDxd
974,195,156271.0419,0.713292661,1.318743114,TDxD-Chemo
975,195,178424.7427,0.779087801,1.448011293,TDxD-SG
976,196,285841.9976,1.12714679,2.139843742,Super_TDXd
977,196,104059.8988,0.477449326,0.9845679,Chemo-Chemo
978,196,150862.1986,0.577486756,1.224607724,Chemo-TDxd
979,196,198922.7657,0.74392189,1.477751995,TDxD-Chemo
980,196,211971.2965,0.743924893,1.477759164,TDxD-SG
981,197,300287.3087,1.229523937,1.991316992,Super_TDXd
982,197,104151.9188,0.577117642,1.007219668,Chemo-Chemo
983,197,166717.9406,0.71688144,1.290171047,Chemo-TDxd
984,197,203064.3147,0.813991993,1.371745058,TDxD-Chemo
985,197,234507.5576,0.904729192,1.554597364,TDxD-SG
986,198,377859.8393,1.306965269,2.333760903,Super_TDXd
987,198,103422.2893,0.516172874,1.001834297,Chemo-Chemo
988,198,170488.0794,0.611101895,1.239842808,Chemo-TDxd
989,198,218261.8357,0.748353367,1.441584867,TDxD-Chemo
990,198,231280.5538,0.750894306,1.447839298,TDxD-SG
991,199,312389.379,1.148734445,2.019561994,Super_TDXd
992,199,87399.08358,0.427849563,0.858094085,Chemo-Chemo
993,199,136860.8942,0.501621993,1.029415026,Chemo-TDxd
994,199,161022.2623,0.567764616,1.127645769,TDxD-Chemo
995,199,201340.6827,0.647437864,1.319109686,TDxD-SG
996,200,294329.9558,1.096180385,2.192047292,Super_TDXd
997,200,104668.6147,0.466028984,0.990195964,Chemo-Chemo
998,200,135500.0262,0.509110118,1.105133024,Chemo-TDxd
999,200,168053.9702,0.615799661,1.343882614,TDxD-Chemo
1000,200,198136.1709,0.661011995,1.464829007,TDxD-SG
1001,201,338276.0229,1.074334045,2.239044816,Super_TDXd
1002,201,111286.5606,0.481427153,1.080429857,Chemo-Chemo
1003,201,181204.2375,0.577877468,1.323211174,Chemo-TDxd
1004,201,214613.64,0.666906203,1.454889831,TDxD-Chemo
1005,201,249044.8288,0.742152576,1.645258286,TDxD-SG
1006,202,273861.6439,1.347029857,2.200216775,Super_TDXd
1007,202,109440.9968,0.573577339,0.991186434,Chemo-Chemo
1008,202,157894.795,0.713869248,1.287623153,Chemo-TDxd
1009,202,182314.5972,0.84007074,1.460374263,TDxD-Chemo
1010,202,197698.4324,0.840083283,1.460400433,TDxD-SG
1011,203,284976.1449,0.929494161,1.811475485,Super_TDXd
1012,203,93955.60696,0.446681121,0.953417717,Chemo-Chemo
1013,203,147565.3781,0.518840327,1.118260223,Chemo-TDxd
1014,203,188811.2953,0.599944366,1.251899958,TDxD-Chemo
1015,203,217308.1334,0.683641672,1.443464985,TDxD-SG
1016,204,409438.6965,1.215215271,2.362389503,Super_TDXd
1017,204,98871.83239,0.415491447,0.899398902,Chemo-Chemo
1018,204,187013.8451,0.564699143,1.255901133,Chemo-TDxd
1019,204,210134.8074,0.606056381,1.262894855,TDxD-Chemo
1020,204,234295.5832,0.666346848,1.40653317,TDxD-SG
1021,205,267093.276,1.012226149,1.718273992,Super_TDXd
1022,205,84850.07144,0.483893412,0.833079099,Chemo-Chemo
1023,205,181316.8336,0.733740566,1.273580085,Chemo-TDxd
1024,205,176370.2354,0.658447549,1.183357693,TDxD-Chemo
1025,205,206712.8711,0.748508686,1.33804485,TDxD-SG
1026,206,268148.2717,1.073222889,2.005019373,Super_TDXd
1027,206,104555.265,0.451014359,0.901617432,Chemo-Chemo
1028,206,176143.1331,0.62270223,1.305666949,Chemo-TDxd
1029,206,205383.5338,0.793071022,1.511657362,TDxD-Chemo
1030,206,233316.4736,0.856597517,1.661359293,TDxD-SG
1031,207,270416.2294,1.213332893,2.099810568,Super_TDXd
1032,207,81675.30134,0.48324996,0.841589537,Chemo-Chemo
1033,207,117471.7618,0.561340675,0.984006829,Chemo-TDxd
1034,207,147752.5766,0.660473202,1.241471572,TDxD-Chemo
1035,207,186792.7043,0.760220814,1.417073758,TDxD-SG
1036,208,252089.1811,0.992159054,1.833239628,Super_TDXd
1037,208,102356.3268,0.549615318,1.015926944,Chemo-Chemo
1038,208,229181.3132,0.930544097,1.759346204,Chemo-TDxd
1039,208,288343.8181,1.139370776,2.063928394,TDxD-Chemo
1040,208,311634.0745,1.182900257,2.147412412,TDxD-SG
1041,209,269369.6009,1.226473486,2.107150616,Super_TDXd
1042,209,103233.2424,0.534631323,1.019418235,Chemo-Chemo
1043,209,169556.2667,0.682368395,1.39646759,Chemo-TDxd
1044,209,167049.1699,0.714645149,1.35311228,TDxD-Chemo
1045,209,180692.1147,0.738271889,1.411778181,TDxD-SG
1046,210,344388.139,1.413284107,2.312428926,Super_TDXd
1047,210,101926.6055,0.626614008,1.061400706,Chemo-Chemo
1048,210,155091.2715,0.691064155,1.185679512,Chemo-TDxd
1049,210,228308.1812,0.963436617,1.638825331,TDxD-Chemo
1050,210,250725.5988,0.942602613,1.600207162,TDxD-SG
1051,211,224907.5763,0.952181763,1.843055907,Super_TDXd
1052,211,96797.20297,0.370259735,0.849639721,Chemo-Chemo
1053,211,128947.2587,0.437330024,1.037538061,Chemo-TDxd
1054,211,139726.5219,0.528672576,1.140249352,TDxD-Chemo
1055,211,169625.7238,0.58047408,1.28818815,TDxD-SG
1056,212,273248.6159,1.101818966,2.007364509,Super_TDXd
1057,212,89462.95563,0.4648285,0.86039822,Chemo-Chemo
1058,212,128828.4122,0.55027743,1.011844632,Chemo-TDxd
1059,212,138931.224,0.556839519,1.148123311,TDxD-Chemo
1060,212,166012.1929,0.632796846,1.28746935,TDxD-SG
1061,213,317764.9906,1.307413729,2.215317176,Super_TDXd
1062,213,91927.95473,0.463868399,0.929404813,Chemo-Chemo
1063,213,141083.0151,0.532615387,1.1254843,Chemo-TDxd
1064,213,188390.635,0.719919874,1.351197064,TDxD-Chemo
1065,213,237501.3687,0.788805862,1.546795181,TDxD-SG
1066,214,267600.0031,1.108175265,1.933084382,Super_TDXd
1067,214,89186.22443,0.445842257,0.830069233,Chemo-Chemo
1068,214,159580.2699,0.611279659,1.180248667,Chemo-TDxd
1069,214,171691.3345,0.669041562,1.234670111,TDxD-Chemo
1070,214,205030.3598,0.749065626,1.399202144,TDxD-SG
1071,215,333011.0425,1.505352754,2.354655854,Super_TDXd
1072,215,101028.9582,0.57123388,1.000826659,Chemo-Chemo
1073,215,157458.9657,0.677464204,1.240490101,Chemo-TDxd
1074,215,186400.1532,0.802576964,1.359487227,TDxD-Chemo
1075,215,222111.3899,0.879830145,1.533971845,TDxD-SG
1076,216,318108.963,1.151339347,2.298501415,Super_TDXd
1077,216,102130.327,0.52322764,1.09270569,Chemo-Chemo
1078,216,167769.4001,0.641442369,1.393225582,Chemo-TDxd
1079,216,183972.7644,0.651996601,1.395630641,TDxD-Chemo
1080,216,217949.8066,0.721526839,1.571511699,TDxD-SG
1081,217,334873.9651,1.078901169,1.906144582,Super_TDXd
1082,217,92029.59484,0.414977863,0.818801947,Chemo-Chemo
1083,217,171771.2102,0.584289622,1.11567214,Chemo-TDxd
1084,217,177281.7643,0.581233328,1.087292506,TDxD-Chemo
1085,217,210672.6014,0.687155016,1.276922668,TDxD-SG
1086,218,386298.2825,1.322982307,2.394608269,Super_TDXd
1087,218,87705.48167,0.437408414,0.886811767,Chemo-Chemo
1088,218,149193.7233,0.543153054,1.107050554,Chemo-TDxd
1089,218,205588.7672,0.70453343,1.417562267,TDxD-Chemo
1090,218,244635.0799,0.784357346,1.589178841,TDxD-SG
1091,219,275436.8967,1.343557063,2.1944299,Super_TDXd
1092,219,95996.4713,0.540192136,0.959249576,Chemo-Chemo
1093,219,127076.3409,0.622839806,1.119750258,Chemo-TDxd
1094,219,193554.7413,0.897740618,1.512224139,TDxD-Chemo
1095,219,239499.2643,1.013906188,1.741387077,TDxD-SG
1096,220,297638.9004,1.228586891,2.278494808,Super_TDXd
1097,220,110177.5976,0.565768677,1.037981522,Chemo-Chemo
1098,220,185796.946,0.755787668,1.469486338,Chemo-TDxd
1099,220,240423.2087,0.967393109,1.794885124,TDxD-Chemo
1100,220,257344.66,0.966768224,1.793484572,TDxD-SG
1101,221,307678.989,1.235926939,2.094463447,Super_TDXd
1102,221,105799.1631,0.58706832,1.030346392,Chemo-Chemo
1103,221,183439.0231,0.755998213,1.381470218,Chemo-TDxd
1104,221,196335.7142,0.749291071,1.309648646,TDxD-Chemo
1105,221,219699.0396,0.804803964,1.421908579,TDxD-SG
1106,222,277041.3575,1.292933744,2.036086368,Super_TDXd
1107,222,100268.2208,0.516080894,0.905139685,Chemo-Chemo
1108,222,136800.8636,0.609470671,1.084218941,Chemo-TDxd
1109,222,160558.3121,0.705408876,1.218347036,TDxD-Chemo
1110,222,205998.2454,0.817142297,1.43341232,TDxD-SG
1111,223,291787.2687,1.334908222,2.190116216,Super_TDXd
1112,223,103418.807,0.604685168,1.04826011,Chemo-Chemo
1113,223,145635.3309,0.711464322,1.251570564,Chemo-TDxd
1114,223,181673.9205,0.808943634,1.386516244,TDxD-Chemo
1115,223,225690.0746,0.921853344,1.601581057,TDxD-SG
1116,224,321654.2956,1.205635886,1.889000652,Super_TDXd
1117,224,106981.0899,0.490282397,0.946898105,Chemo-Chemo
1118,224,195923.9032,0.605466208,1.299268447,Chemo-TDxd
1119,224,196180.4725,0.706015367,1.213076904,TDxD-Chemo
1120,224,238466.5377,0.781612339,1.442675923,TDxD-SG
1121,225,254528.9712,1.290578672,2.045190574,Super_TDXd
1122,225,93151.86642,0.516708251,0.910772198,Chemo-Chemo
1123,225,166068.3316,0.767195531,1.418541268,Chemo-TDxd
1124,225,163362.0578,0.772806637,1.306752122,TDxD-Chemo
1125,225,203880.1138,0.891606492,1.542254628,TDxD-SG
1126,226,249192.9244,1.033512602,1.976600256,Super_TDXd
1127,226,97286.91498,0.503500502,0.991276062,Chemo-Chemo
1128,226,134480.4219,0.567789972,1.129772498,Chemo-TDxd
1129,226,161346.9878,0.657306616,1.368155645,TDxD-Chemo
1130,226,191760.177,0.738685452,1.544300092,TDxD-SG
1131,227,321491.7743,1.266881887,2.117710346,Super_TDXd
1132,227,105748.1795,0.62082201,1.036618803,Chemo-Chemo
1133,227,167396.9262,0.751312862,1.27739451,Chemo-TDxd
1134,227,229464.5491,0.909770419,1.5683881,TDxD-Chemo
1135,227,253584.0449,0.989097576,1.7119525,TDxD-SG
1136,228,297817.3816,1.306115476,2.114042618,Super_TDXd
1137,228,98135.16261,0.612959088,1.022035282,Chemo-Chemo
1138,228,163332.1363,0.784472623,1.331145924,Chemo-TDxd
1139,228,188377.4641,0.818057529,1.41220764,TDxD-Chemo
1140,228,213355.2057,0.911810399,1.576389157,TDxD-SG
1141,229,265916.5909,1.16271939,1.94928581,Super_TDXd
1142,229,87170.60384,0.436173354,0.818218143,Chemo-Chemo
1143,229,124464.3884,0.521262166,1.005832365,Chemo-TDxd
1144,229,173639.2852,0.727877541,1.311113507,TDxD-Chemo
1145,229,201149.8114,0.804106033,1.472582217,TDxD-SG
1146,230,359246.8294,0.950165447,2.14545382,Super_TDXd
1147,230,113627.1693,0.463758915,1.125269667,Chemo-Chemo
1148,230,200331.3703,0.567480858,1.424806716,Chemo-TDxd
1149,230,228747.1943,0.601846183,1.428664988,TDxD-Chemo
1150,230,270046.3325,0.665724895,1.612379144,TDxD-SG
1151,231,313209.9702,1.27110185,2.092961103,Super_TDXd
1152,231,102512.8368,0.546354707,0.935519134,Chemo-Chemo
1153,231,149219.2714,0.640453761,1.114203155,Chemo-TDxd
1154,231,177457.8762,0.699069364,1.234683281,TDxD-Chemo
1155,231,197855.5706,0.747328509,1.326402315,TDxD-SG
1156,232,352566.9111,1.678831381,2.411860768,Super_TDXd
1157,232,93003.70082,0.510330215,0.876529103,Chemo-Chemo
1158,232,128770.3702,0.589528478,1.023882853,Chemo-TDxd
1159,232,170483.6071,0.76555599,1.21206539,TDxD-Chemo
1160,232,210333.4915,0.857727221,1.394903027,TDxD-SG
1161,233,387324.9283,1.323812922,2.312875703,Super_TDXd
1162,233,93236.98917,0.461535523,0.898708039,Chemo-Chemo
1163,233,179526.3618,0.616605946,1.238013059,Chemo-TDxd
1164,233,175749.202,0.592714614,1.120957055,TDxD-Chemo
1165,233,199444.5816,0.636818912,1.218212642,TDxD-SG
1166,234,333663.7601,1.151642829,2.085207226,Super_TDXd
1167,234,111015.206,0.568738123,1.034405161,Chemo-Chemo
1168,234,185878.1901,0.687869539,1.300182944,Chemo-TDxd
1169,234,216589.3559,0.752135194,1.467790767,TDxD-Chemo
1170,234,242956.429,0.823800902,1.624287375,TDxD-SG
1171,235,358203.2361,1.296169871,2.383705788,Super_TDXd
1172,235,108231.2328,0.486453669,0.993199008,Chemo-Chemo
1173,235,174006.541,0.578507212,1.251599921,Chemo-TDxd
1174,235,227308.9874,0.783909402,1.588965362,TDxD-Chemo
1175,235,244841.6073,0.777540991,1.5710014,TDxD-SG
1176,236,329188.4329,1.305942521,2.292930764,Super_TDXd
1177,236,107621.3526,0.479147983,0.958221923,Chemo-Chemo
1178,236,192472.1284,0.644590994,1.368162322,Chemo-TDxd
1179,236,202674.9064,0.761829642,1.456445439,TDxD-Chemo
1180,236,240181.4976,0.820296083,1.601637123,TDxD-SG
1181,237,256302.5929,1.170637495,2.142454999,Super_TDXd
1182,237,109288.0518,0.48133593,0.980457616,Chemo-Chemo
1183,237,161651.0028,0.622995679,1.336026357,Chemo-TDxd
1184,237,159719.43,0.675492647,1.337048852,TDxD-Chemo
1185,237,192228.9477,0.759387136,1.546046156,TDxD-SG
1186,238,344967.1138,1.234367532,2.212605231,Super_TDXd
1187,238,108337.9469,0.610043436,1.084102008,Chemo-Chemo
1188,238,236534.5455,0.895717547,1.60187591,Chemo-TDxd
1189,238,266080.2518,0.969622316,1.781944295,TDxD-Chemo
1190,238,299569.9837,1.004991012,1.84595827,TDxD-SG
1191,239,275183.243,1.396914744,2.196370248,Super_TDXd
1192,239,94117.69997,0.598381406,0.993421546,Chemo-Chemo
1193,239,136338.1891,0.694156196,1.18268542,Chemo-TDxd
1194,239,172436.6619,0.858345039,1.423231782,TDxD-Chemo
1195,239,216118.2297,0.960951203,1.626965872,TDxD-SG
1196,240,302578.4813,1.222835763,2.029543097,Super_TDXd
1197,240,86305.14536,0.514199139,0.918008782,Chemo-Chemo
1198,240,141345.8343,0.61609992,1.116758385,Chemo-TDxd
1199,240,166392.0009,0.662047904,1.189337057,TDxD-Chemo
1200,240,211975.7339,0.792297862,1.444687225,TDxD-SG
1201,241,272210.8176,1.134855078,2.090106765,Super_TDXd
1202,241,103664.1269,0.528700731,1.015574558,Chemo-Chemo
1203,241,149485.6755,0.645382617,1.263227263,Chemo-TDxd
1204,241,173069.6654,0.692765948,1.346528424,TDxD-Chemo
1205,241,221100.0258,0.81756031,1.604559005,TDxD-SG
1206,242,321472.9485,1.150411214,2.109100424,Super_TDXd
1207,242,101151.2748,0.506360305,1.020354043,Chemo-Chemo
1208,242,176183.5902,0.633348548,1.325932464,Chemo-TDxd
1209,242,186445.9715,0.640691172,1.239493315,TDxD-Chemo
1210,242,235533.861,0.725398895,1.441995434,TDxD-SG
1211,243,266251.7821,1.039417812,2.128998447,Super_TDXd
1212,243,94706.98704,0.426069702,0.916458823,Chemo-Chemo
1213,243,126742.2715,0.490163195,1.06048626,Chemo-TDxd
1214,243,169145.292,0.67043957,1.454929112,TDxD-Chemo
1215,243,199994.7656,0.748195538,1.631227641,TDxD-SG
1216,244,318389.856,0.942049539,2.175688625,Super_TDXd
1217,244,123267.4714,0.53704871,1.255005599,Chemo-Chemo
1218,244,225809.1411,0.69610313,1.662179775,Chemo-TDxd
1219,244,243354.1603,0.715107352,1.690930849,TDxD-Chemo
1220,244,265674.2499,0.73676591,1.745708847,TDxD-SG
1221,245,260371.5983,1.214154852,2.208939701,Super_TDXd
1222,245,98504.18819,0.55235279,1.021572141,Chemo-Chemo
1223,245,152127.9895,0.715761847,1.351216367,Chemo-TDxd
1224,245,167819.3642,0.778104535,1.470732525,TDxD-Chemo
1225,245,175308.4474,0.777437629,1.469413112,TDxD-SG
1226,246,316899.7263,1.169657101,2.232035796,Super_TDXd
1227,246,106080.0123,0.570068468,1.123921919,Chemo-Chemo
1228,246,182264.0262,0.695907845,1.434130262,Chemo-TDxd
1229,246,199872.9791,0.728307786,1.514163741,TDxD-Chemo
1230,246,228666.7003,0.760319855,1.592908679,TDxD-SG
1231,247,367086.4253,1.309021434,2.186077303,Super_TDXd
1232,247,88737.69814,0.495741678,0.848546771,Chemo-Chemo
1233,247,177909.956,0.687541473,1.211025646,Chemo-TDxd
1234,247,179276.8478,0.635840137,1.199095545,TDxD-Chemo
1235,247,216421.2984,0.744729928,1.398292845,TDxD-SG
1236,248,325828.1751,1.294735388,2.020759119,Super_TDXd
1237,248,94707.85334,0.52990427,0.893787041,Chemo-Chemo
1238,248,201776.4996,0.794882621,1.372181823,Chemo-TDxd
1239,248,245695.769,0.956282453,1.528069765,TDxD-Chemo
1240,248,277191.0458,1.065299491,1.725113559,TDxD-SG
1241,249,296659.6237,0.976742522,1.983027789,Super_TDXd
1242,249,95513.72268,0.45900138,0.952157545,Chemo-Chemo
1243,249,158995.973,0.571859968,1.215449112,Chemo-TDxd
1244,249,185417.2901,0.593912004,1.300316545,TDxD-Chemo
1245,249,207484.0255,0.635632458,1.396956737,TDxD-SG
1246,250,288210.6222,1.147684167,2.072539998,Super_TDXd
1247,250,97483.7874,0.504460217,0.980625742,Chemo-Chemo
1248,250,161346.9241,0.644917291,1.27455811,Chemo-TDxd
1249,250,183665.5605,0.705548385,1.33893924,TDxD-Chemo
1250,250,213430.6587,0.78790509,1.510574229,TDxD-SG
1251,251,283321.8881,1.219882319,2.005460898,Super_TDXd
1252,251,93141.70591,0.52964975,0.893560126,Chemo-Chemo
1253,251,140759.6134,0.643312755,1.110775971,Chemo-TDxd
1254,251,179810.093,0.757986209,1.341377756,TDxD-Chemo
1255,251,208725.438,0.81810541,1.451984554,TDxD-SG
1256,252,271832.7767,1.042498451,2.025535387,Super_TDXd
1257,252,106681.5004,0.512780475,1.090409896,Chemo-Chemo
1258,252,208506.8666,0.68889658,1.630669155,Chemo-TDxd
1259,252,192019.9545,0.701663556,1.412997541,TDxD-Chemo
1260,252,240437.9293,0.787705384,1.673639448,TDxD-SG
1261,253,313440.1626,1.268345362,2.269081985,Super_TDXd
1262,253,104455.7779,0.502178469,1.025544201,Chemo-Chemo
1263,253,212141.9195,0.73262632,1.651858023,Chemo-TDxd
1264,253,273635.4555,1.092726988,1.995221364,TDxD-Chemo
1265,253,311937.72,1.165836749,2.194598401,TDxD-SG
1266,254,304405.6886,1.247924628,2.242509664,Super_TDXd
1267,254,94115.28686,0.445144041,0.903783558,Chemo-Chemo
1268,254,134233.8922,0.512076281,1.072462922,Chemo-TDxd
1269,254,182871.0727,0.6921723,1.351736524,TDxD-Chemo
1270,254,197509.9953,0.692173275,1.351738878,TDxD-SG
1271,255,297642.2017,1.310654877,2.397590211,Super_TDXd
1272,255,97529.35807,0.488519807,0.976858355,Chemo-Chemo
1273,255,132449.9008,0.551915335,1.118084742,Chemo-TDxd
1274,255,163717.268,0.671609241,1.352867234,TDxD-Chemo
1275,255,191119.9939,0.73860254,1.502807681,TDxD-SG
1276,256,347814.5055,1.445961073,2.305112029,Super_TDXd
1277,256,91677.33347,0.514642668,0.879245064,Chemo-Chemo
1278,256,169222.6611,0.706658046,1.220940359,Chemo-TDxd
1279,256,174578.2003,0.707754553,1.202069727,TDxD-Chemo
1280,256,217204.2937,0.847086791,1.44974685,TDxD-SG
1281,257,328836.132,1.282192771,2.19092421,Super_TDXd
1282,257,101541.9934,0.530795804,1.013431958,Chemo-Chemo
1283,257,211984.372,0.738408799,1.567149036,Chemo-TDxd
1284,257,196772.0058,0.742142316,1.378785428,TDxD-Chemo
1285,257,222218.6378,0.781632703,1.481141367,TDxD-SG
1286,258,314638.987,1.200091658,1.917030099,Super_TDXd
1287,258,101130.0311,0.579635829,1.011058265,Chemo-Chemo
1288,258,148428.5713,0.631372387,1.13425912,Chemo-TDxd
1289,258,196602.3645,0.734926529,1.27039977,TDxD-Chemo
1290,258,234802.9383,0.834097844,1.507760927,TDxD-SG
1291,259,348648.2208,1.418165012,2.249400987,Super_TDXd
1292,259,116366.8112,0.622971109,1.091344886,Chemo-Chemo
1293,259,169496.2122,0.712161041,1.302071953,Chemo-TDxd
1294,259,235617.4159,0.917080162,1.514933223,TDxD-Chemo
1295,259,274907.9097,0.994422781,1.69472867,TDxD-SG
1296,260,285163.0817,1.198327396,2.224635949,Super_TDXd
1297,260,103722.0383,0.506129902,0.988546005,Chemo-Chemo
1298,260,167262.1919,0.687826423,1.353015021,Chemo-TDxd
1299,260,173323.5369,0.702993851,1.383836802,TDxD-Chemo
1300,260,201554.1905,0.780875301,1.539060652,TDxD-SG
1301,261,298594.8233,1.293468631,2.204688282,Super_TDXd
1302,261,88421.28322,0.474213156,0.927702939,Chemo-Chemo
1303,261,159650.4683,0.613787992,1.286472145,Chemo-TDxd
1304,261,187502.9907,0.776096428,1.462036029,TDxD-Chemo
1305,261,225547.3916,0.847027984,1.642712806,TDxD-SG
1306,262,258229.1449,1.048688245,1.812852079,Super_TDXd
1307,262,107057.874,0.557425766,1.011631948,Chemo-Chemo
1308,262,182248.3152,0.713972239,1.36646587,Chemo-TDxd
1309,262,205938.3552,0.816471804,1.456148847,TDxD-Chemo
1310,262,230188.5076,0.861036625,1.554519826,TDxD-SG
1311,263,262959.9697,1.150382309,2.112810491,Super_TDXd
1312,263,98826.67885,0.53359643,1.079654652,Chemo-Chemo
1313,263,159045.7617,0.649795641,1.395055169,Chemo-TDxd
1314,263,172617.9016,0.733759459,1.450818988,TDxD-Chemo
1315,263,190718.9986,0.769267542,1.546141105,TDxD-SG
1316,264,239994.5913,0.965275974,1.850553527,Super_TDXd
1317,264,94064.77726,0.517826863,1.012525193,Chemo-Chemo
1318,264,134199.559,0.582527424,1.149430171,Chemo-TDxd
1319,264,165201.6631,0.674054117,1.331492654,TDxD-Chemo
1320,264,206913.7661,0.77192024,1.539114805,TDxD-SG
1321,265,294041.3065,1.144428658,1.910183852,Super_TDXd
1322,265,99708.2617,0.536055484,1.024097463,Chemo-Chemo
1323,265,193794.5437,0.682987145,1.425666246,Chemo-TDxd
1324,265,194984.296,0.743923976,1.373972122,TDxD-Chemo
1325,265,255062.0108,0.854238259,1.671309268,TDxD-SG
1326,266,297313.702,1.084997019,2.194607737,Super_TDXd
1327,266,102883.4881,0.485106869,0.989734656,Chemo-Chemo
1328,266,145147.1853,0.563495404,1.145926068,Chemo-TDxd
1329,266,174819.6907,0.618501618,1.329828391,TDxD-Chemo
1330,266,197279.0879,0.660749255,1.413912836,TDxD-SG
1331,267,293448.0612,1.323273579,2.226428476,Super_TDXd
1332,267,106692.9416,0.566260675,1.005654566,Chemo-Chemo
1333,267,171053.8488,0.68493706,1.329603524,Chemo-TDxd
1334,267,184022.557,0.790286323,1.457490331,TDxD-Chemo
1335,267,194151.5518,0.790274561,1.457458543,TDxD-SG
1336,268,301918.2337,1.250794345,2.255254182,Super_TDXd
1337,268,109916.7416,0.616429283,1.082818991,Chemo-Chemo
1338,268,186572.518,0.840474639,1.478882208,Chemo-TDxd
1339,268,177720.3331,0.725626385,1.388965538,TDxD-Chemo
1340,268,217833.171,0.850656946,1.608543134,TDxD-SG
1341,269,300854.9657,1.266110886,2.188326834,Super_TDXd
1342,269,120564.4003,0.672575356,1.190961745,Chemo-Chemo
1343,269,213122.3838,0.894439285,1.657680622,Chemo-TDxd
1344,269,244306.5231,1.036040686,1.828885509,TDxD-Chemo
1345,269,257731.9697,1.034041626,1.824778056,TDxD-SG
1346,270,303234.0427,1.350294811,2.39791894,Super_TDXd
1347,270,94788.82877,0.450755598,0.88861219,Chemo-Chemo
1348,270,149574.5897,0.608901728,1.218714181,Chemo-TDxd
1349,270,155903.7952,0.655031186,1.287300149,TDxD-Chemo
1350,270,188798.187,0.741449338,1.467963254,TDxD-SG
1351,271,343628.0039,1.360840956,2.256352345,Super_TDXd
1352,271,110923.5195,0.509238378,0.975988002,Chemo-Chemo
1353,271,161307.437,0.575849447,1.168205983,Chemo-TDxd
1354,271,202328.1538,0.741475822,1.397581615,TDxD-Chemo
1355,271,222887.0293,0.785284004,1.524989336,TDxD-SG
1356,272,335324.6353,1.183225469,2.093700312,Super_TDXd
1357,272,94317.87773,0.506964874,0.979552333,Chemo-Chemo
1358,272,152527.9982,0.595238216,1.194983784,Chemo-TDxd
1359,272,223615.5558,0.77226662,1.449749065,TDxD-Chemo
1360,272,273167.7229,0.859521846,1.665958473,TDxD-SG
1361,273,327698.4879,1.414068065,2.388193744,Super_TDXd
1362,273,120605.6962,0.627139198,1.122316236,Chemo-Chemo
1363,273,150648.5588,0.675047245,1.219640827,Chemo-TDxd
1364,273,211745.6945,0.886484713,1.593869055,TDxD-Chemo
1365,273,240581.9848,0.886449146,1.59379578,TDxD-SG
1366,274,328321.8225,1.322329577,2.263136759,Super_TDXd
1367,274,107802.9589,0.539954897,1.059011082,Chemo-Chemo
1368,274,183834.5281,0.680190269,1.445460526,Chemo-TDxd
1369,274,204353.6834,0.789358551,1.46123598,TDxD-Chemo
1370,274,232298.1653,0.846404191,1.617300921,TDxD-SG
1371,275,241627.148,0.99209799,1.814272499,Super_TDXd
1372,275,96634.13049,0.416032155,0.831163224,Chemo-Chemo
1373,275,138391.2362,0.503030159,1.037638394,Chemo-TDxd
1374,275,151385.316,0.562367248,1.136814616,TDxD-Chemo
1375,275,196199.2171,0.655025228,1.357701216,TDxD-SG
1376,276,294017.3869,0.969037554,2.053123776,Super_TDXd
1377,276,104121.4686,0.4140404,0.959893332,Chemo-Chemo
1378,276,141869.511,0.47263406,1.095273713,Chemo-TDxd
1379,276,185429.8365,0.605615666,1.372444133,TDxD-Chemo
1380,276,221916.4384,0.679166589,1.543651613,TDxD-SG
1381,277,246412.4418,0.8661436,1.842355811,Super_TDXd
1382,277,88515.12722,0.364962518,0.844934515,Chemo-Chemo
1383,277,158437.4197,0.523957426,1.249567125,Chemo-TDxd
1384,277,155388.3697,0.525744751,1.203401443,TDxD-Chemo
1385,277,184055.4396,0.602259748,1.396270805,TDxD-SG
1386,278,292366.4472,1.264631955,2.273656797,Super_TDXd
1387,278,100536.948,0.527958133,0.989068139,Chemo-Chemo
1388,278,142656.5909,0.614420008,1.176468098,Chemo-TDxd
1389,278,175577.1581,0.737168788,1.405716573,TDxD-Chemo
1390,278,205906.3483,0.796404091,1.533878873,TDxD-SG
1391,279,354931.4295,1.425455187,2.213899995,Super_TDXd
1392,279,93304.11634,0.553129131,0.918596403,Chemo-Chemo
1393,279,183304.1988,0.753064439,1.306784065,Chemo-TDxd
1394,279,182349.3948,0.731481705,1.226133596,TDxD-Chemo
1395,279,230021.6586,0.839963214,1.432095128,TDxD-SG
1396,280,292102.5562,1.149217783,2.178691673,Super_TDXd
1397,280,91070.96475,0.491190586,0.949291705,Chemo-Chemo
1398,280,137016.3769,0.578514546,1.16195697,Chemo-TDxd
1399,280,180051.8052,0.700337986,1.40281147,TDxD-Chemo
1400,280,202884.2,0.723172995,1.457123682,TDxD-SG
1401,281,288805.6265,0.878616802,1.828600397,Super_TDXd
1402,281,84276.21345,0.324933961,0.842598411,Chemo-Chemo
1403,281,132675.5268,0.369558006,0.988896784,Chemo-TDxd
1404,281,171489.4423,0.504281005,1.178375564,TDxD-Chemo
1405,281,209212.5437,0.554510307,1.34408068,TDxD-SG
1406,282,318496.0432,1.36403444,2.199980921,Super_TDXd
1407,282,94676.44208,0.575799502,0.965910304,Chemo-Chemo
1408,282,151055.8605,0.691226768,1.184001282,Chemo-TDxd
1409,282,195024.8757,0.839846039,1.396934005,TDxD-Chemo
1410,282,220855.6991,0.876712954,1.466805481,TDxD-SG
1411,283,235694.2306,1.051187877,1.81031713,Super_TDXd
1412,283,98959.43906,0.480234176,0.944455765,Chemo-Chemo
1413,283,133584.1566,0.5300493,1.08268078,Chemo-TDxd
1414,283,163429.3376,0.691795113,1.268071771,TDxD-Chemo
1415,283,199986.0779,0.769467901,1.484522678,TDxD-SG
1416,284,267602.5515,1.210662715,2.040583719,Super_TDXd
1417,284,92448.97794,0.560324128,1.010836498,Chemo-Chemo
1418,284,141010.1391,0.661602538,1.22274571,Chemo-TDxd
1419,284,163827.5065,0.727823671,1.299238794,TDxD-Chemo
1420,284,205509.1937,0.808234426,1.466907235,TDxD-SG
1421,285,353489.4912,1.328638939,2.329699344,Super_TDXd
1422,285,94000.76417,0.457469235,0.919763898,Chemo-Chemo
1423,285,142561.321,0.531189612,1.098312466,Chemo-TDxd
1424,285,177200.8585,0.622241671,1.195444218,TDxD-Chemo
1425,285,207639.8316,0.699533286,1.383068985,TDxD-SG
1426,286,295524.4006,1.243931248,2.213868003,Super_TDXd
1427,286,95179.58266,0.44982335,0.883251873,Chemo-Chemo
1428,286,134251.4137,0.531339597,1.075244535,Chemo-TDxd
1429,286,164709.9849,0.659410512,1.308765031,TDxD-Chemo
1430,286,189004.3586,0.729951827,1.474555359,TDxD-SG
1431,287,382228.8651,1.348390877,2.352422749,Super_TDXd
1432,287,114524.8645,0.60389061,1.103772078,Chemo-Chemo
1433,287,199581.4569,0.746968288,1.42010843,Chemo-TDxd
1434,287,254422.3638,0.896885655,1.643810722,TDxD-Chemo
1435,287,263968.6003,0.865072916,1.574148873,TDxD-SG
1436,288,269431.5837,1.09565852,1.996016763,Super_TDXd
1437,288,91367.70726,0.496679563,0.925543744,Chemo-Chemo
1438,288,166324.2623,0.66649183,1.308866937,Chemo-TDxd
1439,288,182924.9475,0.711810387,1.32590954,TDxD-Chemo
1440,288,215604.8674,0.798069659,1.520034331,TDxD-SG
1441,289,279455.432,1.220228638,2.101409827,Super_TDXd
1442,289,106259.9773,0.531971903,1.010245254,Chemo-Chemo
1443,289,163202.4984,0.645292857,1.303861547,Chemo-TDxd
1444,289,193916.0749,0.820591472,1.516841266,TDxD-Chemo
1445,289,207711.7727,0.841789397,1.571016113,TDxD-SG
1446,290,239705.6128,1.027772667,1.826423929,Super_TDXd
1447,290,85751.39838,0.460659329,0.866984538,Chemo-Chemo
1448,290,135742.2729,0.555548579,1.086861394,Chemo-TDxd
1449,290,147389.9781,0.617570174,1.171022923,TDxD-Chemo
1450,290,191246.0972,0.727959055,1.420417326,TDxD-SG
1451,291,327363.326,1.358946675,2.257257733,Super_TDXd
1452,291,90571.82148,0.498950683,0.875225356,Chemo-Chemo
1453,291,129978.5477,0.58401153,1.013161974,Chemo-TDxd
1454,291,166481.1395,0.699633847,1.193311632,TDxD-Chemo
1455,291,182269.6405,0.756336041,1.289586774,TDxD-SG
1456,292,303839.3555,1.246621204,2.049237655,Super_TDXd
1457,292,109594.9606,0.67544968,1.08812001,Chemo-Chemo
1458,292,227316.1867,1.014654297,1.67712021,Chemo-TDxd
1459,292,243486.221,0.997625265,1.669049687,TDxD-Chemo
1460,292,277932.3725,1.11682701,1.871389707,TDxD-SG
1461,293,264237.8258,1.185851027,2.128293568,Super_TDXd
1462,293,107521.2383,0.612727847,1.100379716,Chemo-Chemo
1463,293,190739.8682,0.872890946,1.597910495,Chemo-TDxd
1464,293,206863.905,0.926672393,1.69870234,TDxD-Chemo
1465,293,243785.5013,1.009519058,1.856274077,TDxD-SG
1466,294,378573.306,1.245162643,2.238816612,Super_TDXd
1467,294,103039.7094,0.541995009,1.055527087,Chemo-Chemo
1468,294,176974.7526,0.652890753,1.320757711,Chemo-TDxd
1469,294,224401.1947,0.745238887,1.401201526,TDxD-Chemo
1470,294,260587.3178,0.82542031,1.592815696,TDxD-SG
1471,295,257858.9304,1.108906048,1.837872718,Super_TDXd
1472,295,106527.0057,0.553804698,0.971371046,Chemo-Chemo
1473,295,184482.3262,0.74796049,1.377513795,Chemo-TDxd
1474,295,196154.299,0.81727409,1.425674799,TDxD-Chemo
1475,295,222416.9879,0.866271981,1.526990342,TDxD-SG
